,,,,,,,,,
Product ID,Product Name,Category,Warehouse,Location,Quantity,Price,Supplier,Status,Last Restocked
1102,Gadget Y,ELECTRONICS,Warehouse 2,Aisle 1,300,9.99,Supplier C,In Stock,1/12/2024
1435,Gadget Y,ELECTRONICS,Warehouse 2,Aisle 4,200,19.99,Supplier C,Out of Stock,1/12/2024
1860,Widget A,CLOTHING,Warehouse 2,Aisle 3,100,19.99,Supplier B,In Stock,12/20/2022
1270,Gadget Z,TOYS,Warehouse 2,Aisle 4,50,49.99,Supplier B,In Stock,12/20/2022
1106,Widget A,FURNITURE,Warehouse 3,Aisle 3,200,9.99,Supplier D,Out of Stock,4/25/2023
1071,Widget B,CLOTHING,Warehouse 3,Aisle 5,300,28.0305,Supplier A,In Stock,12/20/2022
1700,Widget A,CLOTHING,Warehouse 2,Aisle 2,200,49.99,Supplier B,In Stock,12/20/2022
1020,Widget C,CLOTHING,Warehouse 1,Aisle 5,200,9.99,Supplier D,Out of Stock,12/20/2022
1614,Gadget Y,ELECTRONICS,Warehouse 3,Aisle 3,300,9.99,Supplier B,Out of Stock,3/5/2023
1121,Widget B,TOYS,Warehouse 1,Aisle 2,50,19.99,Supplier C,Out of Stock,12/20/2022
1466,Widget A,CLOTHING,Warehouse 3,Aisle 1,150,49.99,Supplier B,In Stock,1/15/2023
1214,Gadget Z,FURNITURE,Warehouse 2,Aisle 1,50,9.99,Supplier A,Low Stock,1/15/2023
1330,Widget C,TOYS,Warehouse 3,Aisle 4,150,9.99,Supplier B,In Stock,4/25/2023
1458,Widget C,FURNITURE,Warehouse 2,Aisle 3,300,49.99,Supplier A,Low Stock,3/5/2023
1087,Widget A,TOYS,Warehouse 3,Aisle 3,50,28.0305,Supplier C,Out of Stock,1/15/2023
1372,Gadget Y,FURNITURE,Warehouse 2,Aisle 1,200,49.99,Supplier A,Low Stock,3/5/2023
1099,Widget A,ELECTRONICS,Warehouse 2,Aisle 5,300,49.99,Supplier B,Out of Stock,3/5/2023
1871,Widget B,CLOTHING,Warehouse 2,Aisle 2,100,28.0305,Supplier D,Out of Stock,4/25/2023
1663,Widget A,FURNITURE,Warehouse 2,Aisle 5,50,49.99,Supplier C,Low Stock,3/5/2023
1130,Widget C,TOYS,Warehouse 1,Aisle 5,300,9.99,Supplier B,Out of Stock,12/20/2022
1661,Widget A,CLOTHING,Warehouse 2,Aisle 1,50,49.99,Supplier C,Low Stock,3/5/2023
1308,Gadget Y,CLOTHING,Warehouse 1,Aisle 1,300,28.0305,Supplier C,Out of Stock,4/25/2023
1769,Gadget Z,TOYS,Warehouse 1,Aisle 1,200,29.99,Supplier B,In Stock,4/25/2023
1343,Gadget X,FURNITURE,Warehouse 2,Aisle 4,100,49.99,Supplier B,In Stock,4/25/2023
1491,Widget A,ELECTRONICS,Warehouse 1,Aisle 5,100,19.99,Supplier D,Out of Stock,1/15/2023
1413,Gadget Y,ELECTRONICS,Warehouse 3,Aisle 3,150,9.99,Supplier C,Out of Stock,12/20/2022
1805,Gadget Y,FURNITURE,Warehouse 2,Aisle 2,300,9.99,Supplier C,Low Stock,1/15/2023
1385,Gadget Z,CLOTHING,Warehouse 1,Aisle 4,50,19.99,Supplier B,In Stock,1/12/2024
1191,Widget C,CLOTHING,Warehouse 2,Aisle 3,100,19.99,Supplier A,Low Stock,12/20/2022
1955,Gadget Y,CLOTHING,Warehouse 2,Aisle 5,100,49.99,Supplier B,Out of Stock,3/5/2023
1276,Gadget Y,CLOTHING,Warehouse 2,Aisle 1,150,19.99,Supplier C,Out of Stock,4/25/2023
1160,Gadget Y,FURNITURE,Warehouse 1,Aisle 5,150,29.99,Supplier B,Low Stock,1/12/2024
1459,Gadget Y,CLOTHING,Warehouse 3,Aisle 2,100,28.0305,Supplier D,Out of Stock,12/20/2022
1313,Widget B,TOYS,Warehouse 3,Aisle 4,300,19.99,Supplier A,In Stock,1/15/2023
1021,Widget B,CLOTHING,Warehouse 1,Aisle 4,150,19.99,Supplier B,Low Stock,4/25/2023
1252,Widget C,ELECTRONICS,Warehouse 2,Aisle 2,100,29.99,Supplier D,In Stock,1/15/2023
1747,Widget A,CLOTHING,Warehouse 1,Aisle 3,200,9.99,Supplier C,In Stock,12/20/2022
1856,Gadget Y,FURNITURE,Warehouse 1,Aisle 3,50,9.99,Supplier B,In Stock,12/20/2022
1560,Gadget Z,ELECTRONICS,Warehouse 1,Aisle 4,150,49.99,Supplier C,Low Stock,1/12/2024
1474,Widget A,FURNITURE,Warehouse 2,Aisle 4,200,29.99,Supplier D,Out of Stock,3/5/2023
1058,Gadget Z,FURNITURE,Warehouse 1,Aisle 1,150,28.0305,Supplier C,In Stock,1/15/2023
1510,Widget A,ELECTRONICS,Warehouse 2,Aisle 3,200,28.0305,Supplier D,In Stock,1/12/2024
1681,Widget C,FURNITURE,Warehouse 1,Aisle 2,50,29.99,Supplier D,In Stock,4/25/2023
1475,Gadget Y,FURNITURE,Warehouse 3,Aisle 3,50,28.0305,Supplier D,Out of Stock,3/5/2023
1699,Gadget Y,CLOTHING,Warehouse 1,Aisle 1,150,9.99,Supplier B,Out of Stock,1/12/2024
1975,Gadget X,TOYS,Warehouse 1,Aisle 4,300,28.0305,Supplier C,Low Stock,1/15/2023
1782,Gadget Z,FURNITURE,Warehouse 3,Aisle 4,200,28.0305,Supplier C,Out of Stock,12/20/2022
1189,Widget A,FURNITURE,Warehouse 2,Aisle 1,150,29.99,Supplier A,Low Stock,4/25/2023
1957,Widget A,FURNITURE,Warehouse 2,Aisle 2,200,29.99,Supplier A,Low Stock,1/15/2023
1686,Widget B,CLOTHING,Warehouse 1,Aisle 4,150,28.0305,Supplier A,Low Stock,3/5/2023
1957,Gadget X,TOYS,Warehouse 3,Aisle 5,50,19.99,Supplier A,Low Stock,3/5/2023
1562,Widget B,ELECTRONICS,Warehouse 2,Aisle 4,150,29.99,Supplier C,Low Stock,12/20/2022
1875,Widget B,CLOTHING,Warehouse 1,Aisle 5,150,49.99,Supplier D,In Stock,12/20/2022
1566,Widget B,CLOTHING,Warehouse 3,Aisle 1,200,49.99,Supplier D,Out of Stock,4/25/2023
1243,Gadget Z,TOYS,Warehouse 2,Aisle 1,200,9.99,Supplier B,In Stock,4/25/2023
1831,Gadget Z,TOYS,Warehouse 2,Aisle 4,300,28.0305,Supplier D,Low Stock,12/20/2022
1504,Widget C,CLOTHING,Warehouse 3,Aisle 3,50,19.99,Supplier C,Out of Stock,12/20/2022
1130,Widget C,ELECTRONICS,Warehouse 3,Aisle 5,200,9.99,Supplier C,In Stock,3/5/2023
1484,Widget B,CLOTHING,Warehouse 3,Aisle 2,100,28.0305,Supplier C,In Stock,12/20/2022
1818,Gadget X,TOYS,Warehouse 3,Aisle 4,150,29.99,Supplier B,Low Stock,1/12/2024
1646,Widget A,ELECTRONICS,Warehouse 1,Aisle 2,150,49.99,Supplier A,In Stock,1/15/2023
1020,Gadget Z,TOYS,Warehouse 3,Aisle 4,300,19.99,Supplier D,In Stock,12/20/2022
1840,Gadget X,ELECTRONICS,Warehouse 2,Aisle 3,150,49.99,Supplier C,In Stock,4/25/2023
1166,Gadget Y,FURNITURE,Warehouse 2,Aisle 3,50,29.99,Supplier C,In Stock,1/12/2024
1273,Gadget Z,TOYS,Warehouse 1,Aisle 3,300,28.0305,Supplier A,In Stock,4/25/2023
1387,Gadget Z,TOYS,Warehouse 2,Aisle 3,150,29.99,Supplier C,Low Stock,1/12/2024
1600,Widget C,CLOTHING,Warehouse 2,Aisle 1,150,29.99,Supplier D,Low Stock,12/20/2022
1315,Widget A,TOYS,Warehouse 3,Aisle 1,100,49.99,Supplier B,In Stock,1/15/2023
1013,Widget A,TOYS,Warehouse 2,Aisle 5,50,19.99,Supplier C,Low Stock,4/25/2023
1241,Gadget Y,FURNITURE,Warehouse 1,Aisle 2,300,29.99,Supplier D,Low Stock,1/12/2024
1776,Gadget Y,TOYS,Warehouse 3,Aisle 4,300,49.99,Supplier C,Out of Stock,3/5/2023
1345,Gadget Z,FURNITURE,Warehouse 3,Aisle 4,200,19.99,Supplier A,In Stock,12/20/2022
1564,Widget B,FURNITURE,Warehouse 1,Aisle 1,100,28.0305,Supplier C,Low Stock,1/15/2023
1897,Widget C,FURNITURE,Warehouse 3,Aisle 4,100,28.0305,Supplier C,Low Stock,12/20/2022
1339,Widget C,FURNITURE,Warehouse 3,Aisle 1,300,9.99,Supplier B,In Stock,3/5/2023
1091,Gadget Z,ELECTRONICS,Warehouse 1,Aisle 5,300,49.99,Supplier A,Out of Stock,1/15/2023
1366,Gadget X,CLOTHING,Warehouse 3,Aisle 2,150,19.99,Supplier A,In Stock,3/5/2023
1955,Widget B,ELECTRONICS,Warehouse 1,Aisle 5,150,29.99,Supplier B,Out of Stock,12/20/2022
1454,Gadget Z,TOYS,Warehouse 1,Aisle 3,150,28.0305,Supplier C,In Stock,1/12/2024
1427,Widget B,ELECTRONICS,Warehouse 2,Aisle 3,100,19.99,Supplier D,In Stock,12/20/2022
1508,Widget B,ELECTRONICS,Warehouse 2,Aisle 3,200,49.99,Supplier A,In Stock,12/20/2022
1775,Widget B,TOYS,Warehouse 3,Aisle 5,150,9.99,Supplier A,In Stock,12/20/2022
1942,Gadget Z,TOYS,Warehouse 3,Aisle 4,150,28.0305,Supplier C,Out of Stock,4/25/2023
1034,Widget C,TOYS,Warehouse 1,Aisle 2,200,19.99,Supplier C,Out of Stock,3/5/2023
1205,Widget C,ELECTRONICS,Warehouse 3,Aisle 3,50,19.99,Supplier A,Low Stock,3/5/2023
1080,Widget B,ELECTRONICS,Warehouse 1,Aisle 3,150,19.99,Supplier C,In Stock,3/5/2023
1931,Gadget X,TOYS,Warehouse 1,Aisle 3,150,49.99,Supplier D,Out of Stock,4/25/2023
1561,Widget A,CLOTHING,Warehouse 3,Aisle 2,50,49.99,Supplier A,Out of Stock,1/12/2024
1871,Gadget Z,CLOTHING,Warehouse 1,Aisle 3,50,49.99,Supplier D,Out of Stock,12/20/2022
1387,Widget A,FURNITURE,Warehouse 2,Aisle 2,150,29.99,Supplier D,In Stock,1/12/2024
1001,Gadget X,TOYS,Warehouse 3,Aisle 3,150,19.99,Supplier C,Low Stock,4/25/2023
1389,Gadget Z,FURNITURE,Warehouse 2,Aisle 5,100,28.0305,Supplier D,Out of Stock,3/5/2023
1565,Widget B,CLOTHING,Warehouse 3,Aisle 5,150,49.99,Supplier C,In Stock,12/20/2022
1105,Widget C,FURNITURE,Warehouse 1,Aisle 2,150,49.99,Supplier B,Out of Stock,1/15/2023
1771,Widget A,TOYS,Warehouse 3,Aisle 5,150,19.99,Supplier C,Out of Stock,1/15/2023
1821,Gadget Y,TOYS,Warehouse 2,Aisle 2,50,49.99,Supplier D,Low Stock,1/12/2024
1476,Gadget Y,TOYS,Warehouse 1,Aisle 5,200,29.99,Supplier B,Out of Stock,3/5/2023
1702,Gadget X,ELECTRONICS,Warehouse 3,Aisle 5,100,29.99,Supplier C,Out of Stock,1/15/2023
1401,Widget B,FURNITURE,Warehouse 3,Aisle 2,150,49.99,Supplier D,In Stock,1/12/2024
1729,Widget A,CLOTHING,Warehouse 3,Aisle 4,150,19.99,Supplier A,In Stock,4/25/2023
1555,Widget B,CLOTHING,Warehouse 2,Aisle 5,200,19.99,Supplier A,Low Stock,1/12/2024
1161,Widget A,CLOTHING,Warehouse 2,Aisle 3,150,19.99,Supplier C,In Stock,1/12/2024
1201,Gadget X,ELECTRONICS,Warehouse 3,Aisle 4,100,9.99,Supplier C,In Stock,1/12/2024
1957,Gadget X,ELECTRONICS,Warehouse 1,Aisle 2,150,49.99,Supplier A,Low Stock,12/20/2022
1995,Gadget Y,TOYS,Warehouse 1,Aisle 4,300,19.99,Supplier D,Out of Stock,1/12/2024
1269,Widget B,CLOTHING,Warehouse 2,Aisle 1,150,29.99,Supplier D,Low Stock,1/12/2024
1862,Gadget Z,ELECTRONICS,Warehouse 1,Aisle 1,150,28.0305,Supplier D,In Stock,12/20/2022
1815,Gadget Y,TOYS,Warehouse 2,Aisle 5,300,28.0305,Supplier C,Low Stock,12/20/2022
1270,Widget B,CLOTHING,Warehouse 3,Aisle 5,200,19.99,Supplier B,Out of Stock,4/25/2023
1455,Gadget Y,FURNITURE,Warehouse 2,Aisle 3,100,28.0305,Supplier B,Low Stock,3/5/2023
1461,Gadget Z,TOYS,Warehouse 2,Aisle 4,200,28.0305,Supplier B,In Stock,1/15/2023
1726,Widget C,ELECTRONICS,Warehouse 3,Aisle 1,200,9.99,Supplier B,In Stock,1/15/2023
1251,Widget C,ELECTRONICS,Warehouse 1,Aisle 5,100,29.99,Supplier B,Low Stock,1/12/2024
1701,Widget C,TOYS,Warehouse 2,Aisle 4,100,29.99,Supplier C,Out of Stock,4/25/2023
1295,Widget C,TOYS,Warehouse 2,Aisle 5,150,9.99,Supplier C,Low Stock,1/12/2024
1724,Widget A,ELECTRONICS,Warehouse 3,Aisle 5,150,9.99,Supplier B,Out of Stock,1/15/2023
1719,Widget C,FURNITURE,Warehouse 1,Aisle 1,100,28.0305,Supplier C,Out of Stock,12/20/2022
1748,Gadget Z,CLOTHING,Warehouse 2,Aisle 1,300,49.99,Supplier C,Low Stock,3/5/2023
1337,Gadget X,FURNITURE,Warehouse 3,Aisle 5,50,28.0305,Supplier B,Out of Stock,4/25/2023
1878,Gadget X,TOYS,Warehouse 2,Aisle 2,150,9.99,Supplier D,In Stock,12/20/2022
1052,Widget A,FURNITURE,Warehouse 3,Aisle 5,50,29.99,Supplier C,Low Stock,3/5/2023
1791,Widget C,ELECTRONICS,Warehouse 1,Aisle 5,300,28.0305,Supplier D,Out of Stock,4/25/2023
1921,Widget C,TOYS,Warehouse 1,Aisle 3,100,49.99,Supplier C,In Stock,4/25/2023
1216,Widget C,CLOTHING,Warehouse 1,Aisle 3,300,28.0305,Supplier C,Low Stock,1/15/2023
1763,Gadget Y,ELECTRONICS,Warehouse 1,Aisle 3,150,19.99,Supplier B,In Stock,12/20/2022
1187,Widget B,ELECTRONICS,Warehouse 2,Aisle 2,200,28.0305,Supplier C,In Stock,4/25/2023
1379,Gadget Y,CLOTHING,Warehouse 2,Aisle 2,100,9.99,Supplier A,In Stock,4/25/2023
1492,Widget B,CLOTHING,Warehouse 1,Aisle 5,150,29.99,Supplier A,Out of Stock,3/5/2023
1040,Widget C,FURNITURE,Warehouse 1,Aisle 3,50,29.99,Supplier B,Low Stock,1/15/2023
1156,Widget C,TOYS,Warehouse 1,Aisle 2,300,9.99,Supplier D,Low Stock,1/12/2024
1014,Gadget Y,CLOTHING,Warehouse 2,Aisle 1,100,19.99,Supplier D,Out of Stock,1/15/2023
1812,Gadget Y,CLOTHING,Warehouse 1,Aisle 5,300,9.99,Supplier D,Low Stock,1/12/2024
1064,Widget B,TOYS,Warehouse 1,Aisle 4,100,28.0305,Supplier A,In Stock,12/20/2022
1856,Gadget X,CLOTHING,Warehouse 1,Aisle 5,150,9.99,Supplier D,Low Stock,12/20/2022
1838,Widget B,CLOTHING,Warehouse 3,Aisle 4,150,9.99,Supplier D,Out of Stock,4/25/2023
1520,Gadget Y,FURNITURE,Warehouse 1,Aisle 3,150,19.99,Supplier B,In Stock,12/20/2022
1343,Gadget Z,ELECTRONICS,Warehouse 3,Aisle 4,300,28.0305,Supplier D,Out of Stock,4/25/2023
1128,Gadget Y,ELECTRONICS,Warehouse 3,Aisle 3,150,49.99,Supplier A,In Stock,1/15/2023
1647,Gadget Z,ELECTRONICS,Warehouse 1,Aisle 1,150,49.99,Supplier A,In Stock,12/20/2022
1471,Widget A,ELECTRONICS,Warehouse 3,Aisle 4,100,29.99,Supplier A,Low Stock,1/15/2023
1062,Gadget Y,CLOTHING,Warehouse 1,Aisle 5,150,9.99,Supplier B,In Stock,1/15/2023
1138,Widget A,TOYS,Warehouse 2,Aisle 3,200,29.99,Supplier B,Out of Stock,12/20/2022
1498,Gadget X,TOYS,Warehouse 2,Aisle 5,150,19.99,Supplier C,Low Stock,1/15/2023
1592,Widget B,FURNITURE,Warehouse 2,Aisle 2,300,49.99,Supplier D,Out of Stock,12/20/2022
1391,Gadget Z,FURNITURE,Warehouse 2,Aisle 3,150,9.99,Supplier B,In Stock,12/20/2022
1674,Widget B,CLOTHING,Warehouse 3,Aisle 4,200,19.99,Supplier A,Out of Stock,12/20/2022
1418,Widget A,TOYS,Warehouse 1,Aisle 3,300,19.99,Supplier A,Out of Stock,1/12/2024
1288,Gadget Z,TOYS,Warehouse 1,Aisle 5,300,9.99,Supplier B,In Stock,1/15/2023
1378,Widget B,ELECTRONICS,Warehouse 1,Aisle 1,300,19.99,Supplier B,Low Stock,3/5/2023
1772,Gadget Y,CLOTHING,Warehouse 2,Aisle 3,100,9.99,Supplier B,Out of Stock,12/20/2022
1489,Widget C,CLOTHING,Warehouse 2,Aisle 4,300,9.99,Supplier C,In Stock,1/15/2023
1230,Widget A,ELECTRONICS,Warehouse 1,Aisle 2,100,28.0305,Supplier A,Low Stock,4/25/2023
1040,Widget B,CLOTHING,Warehouse 2,Aisle 1,300,29.99,Supplier C,Low Stock,12/20/2022
1027,Widget A,CLOTHING,Warehouse 1,Aisle 2,50,19.99,Supplier C,Low Stock,12/20/2022
1134,Widget A,FURNITURE,Warehouse 1,Aisle 3,200,19.99,Supplier D,Out of Stock,3/5/2023
1200,Gadget Z,TOYS,Warehouse 1,Aisle 5,50,28.0305,Supplier A,Out of Stock,1/12/2024
1839,Gadget Z,CLOTHING,Warehouse 1,Aisle 5,300,28.0305,Supplier A,Out of Stock,1/12/2024
1779,Widget C,FURNITURE,Warehouse 1,Aisle 4,200,28.0305,Supplier B,Low Stock,12/20/2022
1929,Gadget Y,TOYS,Warehouse 1,Aisle 5,200,49.99,Supplier B,Out of Stock,1/15/2023
1032,Widget A,ELECTRONICS,Warehouse 1,Aisle 1,150,49.99,Supplier D,In Stock,4/25/2023
1047,Widget B,FURNITURE,Warehouse 2,Aisle 5,50,49.99,Supplier C,Out of Stock,4/25/2023
1502,Gadget X,FURNITURE,Warehouse 1,Aisle 4,150,9.99,Supplier B,Out of Stock,1/15/2023
1406,Widget A,TOYS,Warehouse 1,Aisle 3,200,19.99,Supplier B,Low Stock,12/20/2022
1573,Widget A,ELECTRONICS,Warehouse 2,Aisle 3,100,29.99,Supplier A,Out of Stock,4/25/2023
1727,Widget C,FURNITURE,Warehouse 2,Aisle 5,200,9.99,Supplier A,In Stock,1/12/2024
1804,Gadget Y,CLOTHING,Warehouse 2,Aisle 2,150,19.99,Supplier B,Low Stock,1/15/2023
1098,Gadget X,CLOTHING,Warehouse 1,Aisle 3,50,19.99,Supplier A,In Stock,3/5/2023
1683,Gadget Z,CLOTHING,Warehouse 3,Aisle 5,300,28.0305,Supplier D,Low Stock,12/20/2022
1871,Gadget Z,ELECTRONICS,Warehouse 3,Aisle 4,300,28.0305,Supplier B,Low Stock,1/15/2023
1725,Widget B,FURNITURE,Warehouse 2,Aisle 5,50,9.99,Supplier A,Out of Stock,4/25/2023
1986,Gadget X,CLOTHING,Warehouse 3,Aisle 3,300,28.0305,Supplier D,In Stock,12/20/2022
1546,Gadget Z,ELECTRONICS,Warehouse 2,Aisle 4,300,19.99,Supplier A,Low Stock,1/12/2024
1960,Widget B,CLOTHING,Warehouse 1,Aisle 5,150,28.0305,Supplier A,Out of Stock,12/20/2022
1738,Gadget Y,TOYS,Warehouse 3,Aisle 1,50,49.99,Supplier A,Low Stock,12/20/2022
1612,Widget B,FURNITURE,Warehouse 1,Aisle 4,150,28.0305,Supplier B,Low Stock,1/12/2024
1942,Gadget Z,FURNITURE,Warehouse 3,Aisle 1,100,19.99,Supplier C,Low Stock,1/12/2024
1461,Widget C,ELECTRONICS,Warehouse 1,Aisle 2,100,9.99,Supplier A,Low Stock,12/20/2022
1642,Widget C,ELECTRONICS,Warehouse 3,Aisle 4,300,29.99,Supplier D,Low Stock,1/12/2024
1768,Widget C,FURNITURE,Warehouse 1,Aisle 1,100,28.0305,Supplier B,Low Stock,1/15/2023
1004,Gadget Z,CLOTHING,Warehouse 1,Aisle 3,50,19.99,Supplier B,Out of Stock,1/12/2024
1217,Widget C,CLOTHING,Warehouse 3,Aisle 3,50,29.99,Supplier D,Low Stock,1/12/2024
1502,Gadget X,TOYS,Warehouse 1,Aisle 2,200,29.99,Supplier A,In Stock,12/20/2022
1766,Gadget Y,CLOTHING,Warehouse 1,Aisle 4,200,49.99,Supplier C,Out of Stock,1/15/2023
1397,Widget B,ELECTRONICS,Warehouse 1,Aisle 4,100,29.99,Supplier A,In Stock,3/5/2023
1870,Widget B,ELECTRONICS,Warehouse 3,Aisle 4,150,19.99,Supplier D,Low Stock,3/5/2023
1794,Gadget Z,CLOTHING,Warehouse 3,Aisle 2,200,19.99,Supplier B,In Stock,4/25/2023
1392,Widget C,ELECTRONICS,Warehouse 1,Aisle 4,200,28.0305,Supplier C,Low Stock,1/12/2024
1206,Widget C,FURNITURE,Warehouse 1,Aisle 3,50,28.0305,Supplier B,Low Stock,1/12/2024
1014,Widget A,FURNITURE,Warehouse 3,Aisle 1,150,28.0305,Supplier D,Out of Stock,1/15/2023
1857,Gadget Y,CLOTHING,Warehouse 3,Aisle 3,300,29.99,Supplier A,Out of Stock,3/5/2023
1553,Gadget X,FURNITURE,Warehouse 1,Aisle 3,100,29.99,Supplier C,Low Stock,4/25/2023
1891,Widget B,FURNITURE,Warehouse 1,Aisle 1,200,49.99,Supplier B,Out of Stock,1/15/2023
1460,Widget A,TOYS,Warehouse 1,Aisle 3,150,28.0305,Supplier B,In Stock,1/12/2024
1690,Widget A,TOYS,Warehouse 2,Aisle 2,150,9.99,Supplier B,Out of Stock,3/5/2023
1574,Gadget Z,FURNITURE,Warehouse 3,Aisle 1,100,49.99,Supplier A,Out of Stock,4/25/2023
1863,Widget B,CLOTHING,Warehouse 2,Aisle 3,150,9.99,Supplier C,In Stock,12/20/2022
1742,Gadget Z,TOYS,Warehouse 3,Aisle 5,150,29.99,Supplier A,Out of Stock,3/5/2023
1240,Gadget X,ELECTRONICS,Warehouse 3,Aisle 3,150,49.99,Supplier A,Low Stock,4/25/2023
1563,Widget A,ELECTRONICS,Warehouse 3,Aisle 2,200,49.99,Supplier A,In Stock,1/15/2023
1095,Widget A,ELECTRONICS,Warehouse 3,Aisle 4,100,19.99,Supplier D,Low Stock,12/20/2022
1899,Gadget Y,CLOTHING,Warehouse 3,Aisle 3,150,29.99,Supplier D,In Stock,4/25/2023
1733,Gadget X,FURNITURE,Warehouse 3,Aisle 4,150,29.99,Supplier D,Low Stock,4/25/2023
1484,Widget A,ELECTRONICS,Warehouse 3,Aisle 5,200,49.99,Supplier C,Low Stock,1/12/2024
1406,Gadget X,CLOTHING,Warehouse 2,Aisle 3,100,29.99,Supplier A,Out of Stock,3/5/2023
1230,Widget B,TOYS,Warehouse 1,Aisle 1,50,49.99,Supplier A,Low Stock,1/12/2024
1748,Widget C,FURNITURE,Warehouse 1,Aisle 4,200,19.99,Supplier D,Out of Stock,12/20/2022
1654,Widget A,TOYS,Warehouse 2,Aisle 5,100,49.99,Supplier A,In Stock,4/25/2023
1170,Gadget Y,CLOTHING,Warehouse 2,Aisle 1,150,29.99,Supplier A,Low Stock,1/12/2024
1540,Widget B,ELECTRONICS,Warehouse 2,Aisle 1,100,29.99,Supplier B,Low Stock,3/5/2023
1035,Gadget X,ELECTRONICS,Warehouse 2,Aisle 1,100,49.99,Supplier A,In Stock,12/20/2022
1524,Gadget Z,CLOTHING,Warehouse 3,Aisle 1,300,49.99,Supplier B,In Stock,1/15/2023
1159,Widget B,ELECTRONICS,Warehouse 1,Aisle 3,100,49.99,Supplier A,Low Stock,1/12/2024
1838,Widget A,FURNITURE,Warehouse 3,Aisle 3,50,28.0305,Supplier C,In Stock,12/20/2022
1698,Gadget X,CLOTHING,Warehouse 1,Aisle 3,100,29.99,Supplier D,Out of Stock,1/15/2023
1242,Widget C,TOYS,Warehouse 1,Aisle 5,50,29.99,Supplier B,In Stock,1/12/2024
1085,Widget B,CLOTHING,Warehouse 2,Aisle 5,150,28.0305,Supplier D,In Stock,12/20/2022
1795,Widget A,FURNITURE,Warehouse 3,Aisle 5,50,49.99,Supplier B,Low Stock,12/20/2022
1577,Gadget Y,FURNITURE,Warehouse 2,Aisle 2,150,19.99,Supplier B,Out of Stock,1/12/2024
1681,Gadget Z,CLOTHING,Warehouse 3,Aisle 5,150,49.99,Supplier B,In Stock,12/20/2022
1556,Gadget X,CLOTHING,Warehouse 1,Aisle 3,50,49.99,Supplier C,Out of Stock,4/25/2023
1573,Widget B,ELECTRONICS,Warehouse 2,Aisle 3,200,28.0305,Supplier A,Out of Stock,1/12/2024
1952,Widget B,FURNITURE,Warehouse 2,Aisle 2,150,29.99,Supplier B,Out of Stock,12/20/2022
1645,Widget C,CLOTHING,Warehouse 1,Aisle 2,100,49.99,Supplier C,Low Stock,1/15/2023
1795,Widget C,CLOTHING,Warehouse 1,Aisle 5,300,29.99,Supplier B,In Stock,1/15/2023
1027,Gadget Y,FURNITURE,Warehouse 1,Aisle 4,150,9.99,Supplier A,Low Stock,4/25/2023
1619,Gadget Z,CLOTHING,Warehouse 2,Aisle 2,100,29.99,Supplier B,In Stock,1/12/2024
1555,Gadget Y,ELECTRONICS,Warehouse 3,Aisle 1,100,19.99,Supplier C,In Stock,12/20/2022
1339,Widget A,FURNITURE,Warehouse 2,Aisle 3,150,19.99,Supplier A,Low Stock,12/20/2022
1797,Widget A,ELECTRONICS,Warehouse 3,Aisle 1,100,49.99,Supplier C,Out of Stock,1/15/2023
1957,Gadget Y,ELECTRONICS,Warehouse 2,Aisle 3,300,29.99,Supplier A,Out of Stock,4/25/2023
1330,Gadget Z,ELECTRONICS,Warehouse 2,Aisle 3,100,49.99,Supplier A,In Stock,1/15/2023
1639,Gadget Y,ELECTRONICS,Warehouse 1,Aisle 2,50,28.0305,Supplier D,Low Stock,1/15/2023
1505,Gadget Z,FURNITURE,Warehouse 3,Aisle 2,150,19.99,Supplier D,Out of Stock,4/25/2023
1347,Gadget Z,ELECTRONICS,Warehouse 2,Aisle 1,50,49.99,Supplier D,Out of Stock,1/12/2024
1472,Gadget X,ELECTRONICS,Warehouse 2,Aisle 3,300,28.0305,Supplier A,In Stock,12/20/2022
1230,Gadget Z,CLOTHING,Warehouse 1,Aisle 1,100,49.99,Supplier B,In Stock,1/12/2024
1189,Widget C,FURNITURE,Warehouse 1,Aisle 4,300,29.99,Supplier C,Low Stock,3/5/2023
1224,Gadget Z,FURNITURE,Warehouse 3,Aisle 1,150,29.99,Supplier C,In Stock,3/5/2023
1384,Gadget Z,TOYS,Warehouse 2,Aisle 5,50,29.99,Supplier C,Out of Stock,3/5/2023
1376,Gadget Z,FURNITURE,Warehouse 3,Aisle 1,50,29.99,Supplier D,Out of Stock,4/25/2023
1282,Widget A,FURNITURE,Warehouse 2,Aisle 5,200,9.99,Supplier A,Out of Stock,1/15/2023
1957,Widget C,TOYS,Warehouse 3,Aisle 5,100,28.0305,Supplier D,Out of Stock,1/12/2024
1632,Widget C,FURNITURE,Warehouse 1,Aisle 5,150,28.0305,Supplier B,Low Stock,12/20/2022
1627,Gadget Y,FURNITURE,Warehouse 2,Aisle 4,50,29.99,Supplier A,Low Stock,3/5/2023
1972,Gadget X,FURNITURE,Warehouse 3,Aisle 1,50,9.99,Supplier C,In Stock,1/12/2024
1744,Gadget Z,FURNITURE,Warehouse 1,Aisle 1,150,29.99,Supplier D,In Stock,3/5/2023
1258,Widget B,TOYS,Warehouse 1,Aisle 4,300,9.99,Supplier D,In Stock,3/5/2023
1358,Gadget X,FURNITURE,Warehouse 3,Aisle 3,300,29.99,Supplier B,Low Stock,12/20/2022
1709,Gadget X,FURNITURE,Warehouse 2,Aisle 2,100,19.99,Supplier B,Out of Stock,4/25/2023
1455,Widget C,TOYS,Warehouse 2,Aisle 1,200,19.99,Supplier D,In Stock,1/15/2023
1410,Gadget X,CLOTHING,Warehouse 1,Aisle 2,50,49.99,Supplier B,Out of Stock,4/25/2023
1648,Gadget Z,ELECTRONICS,Warehouse 2,Aisle 4,200,29.99,Supplier C,In Stock,1/12/2024
1317,Gadget Z,CLOTHING,Warehouse 2,Aisle 3,300,28.0305,Supplier B,In Stock,4/25/2023
1676,Widget A,TOYS,Warehouse 2,Aisle 3,300,49.99,Supplier B,In Stock,1/12/2024
1224,Gadget Z,ELECTRONICS,Warehouse 1,Aisle 3,150,19.99,Supplier D,In Stock,1/12/2024
1818,Gadget Z,TOYS,Warehouse 3,Aisle 4,100,29.99,Supplier D,In Stock,1/15/2023
1233,Widget C,TOYS,Warehouse 2,Aisle 5,150,49.99,Supplier A,Out of Stock,12/20/2022
1683,Gadget Z,FURNITURE,Warehouse 1,Aisle 5,150,29.99,Supplier A,In Stock,1/15/2023
1663,Widget A,ELECTRONICS,Warehouse 1,Aisle 2,150,19.99,Supplier D,Out of Stock,4/25/2023
1974,Widget B,FURNITURE,Warehouse 3,Aisle 5,100,49.99,Supplier B,Low Stock,1/12/2024
1826,Widget C,ELECTRONICS,Warehouse 2,Aisle 5,100,19.99,Supplier B,In Stock,3/5/2023
1373,Widget B,TOYS,Warehouse 2,Aisle 3,150,9.99,Supplier A,Out of Stock,3/5/2023
1671,Widget C,TOYS,Warehouse 3,Aisle 3,200,19.99,Supplier A,Low Stock,1/12/2024
1607,Gadget Y,CLOTHING,Warehouse 3,Aisle 2,200,29.99,Supplier A,Low Stock,1/15/2023
1471,Gadget X,ELECTRONICS,Warehouse 1,Aisle 1,150,28.0305,Supplier C,Low Stock,12/20/2022
1232,Gadget Y,FURNITURE,Warehouse 1,Aisle 2,150,19.99,Supplier C,Out of Stock,1/15/2023
1691,Gadget Z,CLOTHING,Warehouse 3,Aisle 2,300,28.0305,Supplier A,In Stock,1/12/2024
1112,Widget B,CLOTHING,Warehouse 2,Aisle 4,150,9.99,Supplier B,In Stock,1/12/2024
1829,Gadget Z,CLOTHING,Warehouse 1,Aisle 4,150,49.99,Supplier A,Out of Stock,12/20/2022
1496,Gadget X,FURNITURE,Warehouse 1,Aisle 2,50,49.99,Supplier C,In Stock,4/25/2023
1441,Widget C,CLOTHING,Warehouse 2,Aisle 2,200,28.0305,Supplier B,Out of Stock,4/25/2023
1563,Gadget X,FURNITURE,Warehouse 1,Aisle 2,150,49.99,Supplier C,In Stock,12/20/2022
1267,Widget A,CLOTHING,Warehouse 2,Aisle 5,50,19.99,Supplier B,Low Stock,4/25/2023
1509,Gadget X,FURNITURE,Warehouse 2,Aisle 4,50,28.0305,Supplier C,In Stock,3/5/2023
1806,Widget A,TOYS,Warehouse 2,Aisle 2,50,29.99,Supplier B,Out of Stock,4/25/2023
1385,Gadget X,TOYS,Warehouse 3,Aisle 3,300,19.99,Supplier B,Out of Stock,4/25/2023
1386,Widget A,TOYS,Warehouse 3,Aisle 3,300,19.99,Supplier B,Low Stock,4/25/2023
1112,Widget B,TOYS,Warehouse 3,Aisle 5,50,19.99,Supplier B,Out of Stock,3/5/2023
1612,Gadget Z,TOYS,Warehouse 2,Aisle 5,300,29.99,Supplier D,In Stock,4/25/2023
1624,Gadget Z,CLOTHING,Warehouse 2,Aisle 1,150,9.99,Supplier C,In Stock,3/5/2023
1951,Gadget Y,CLOTHING,Warehouse 3,Aisle 1,50,49.99,Supplier C,Low Stock,12/20/2022
1080,Gadget Z,CLOTHING,Warehouse 1,Aisle 1,150,28.0305,Supplier D,Out of Stock,1/15/2023
1698,Widget C,FURNITURE,Warehouse 2,Aisle 5,150,9.99,Supplier B,Low Stock,12/20/2022
1112,Gadget X,FURNITURE,Warehouse 1,Aisle 5,50,28.0305,Supplier B,In Stock,1/15/2023
1001,Gadget Y,FURNITURE,Warehouse 1,Aisle 5,200,49.99,Supplier C,Low Stock,12/20/2022
1641,Widget C,FURNITURE,Warehouse 2,Aisle 3,50,29.99,Supplier D,Out of Stock,1/15/2023
1219,Widget C,TOYS,Warehouse 2,Aisle 5,50,19.99,Supplier B,Low Stock,1/15/2023
1565,Widget A,TOYS,Warehouse 1,Aisle 3,300,19.99,Supplier B,Out of Stock,1/12/2024
1854,Gadget Z,TOYS,Warehouse 1,Aisle 1,50,29.99,Supplier B,Out of Stock,1/15/2023
1996,Widget B,ELECTRONICS,Warehouse 3,Aisle 1,200,9.99,Supplier A,In Stock,1/15/2023
1735,Widget B,CLOTHING,Warehouse 3,Aisle 1,300,9.99,Supplier D,In Stock,1/12/2024
1224,Gadget Y,FURNITURE,Warehouse 2,Aisle 2,100,28.0305,Supplier B,In Stock,4/25/2023
1384,Widget B,FURNITURE,Warehouse 3,Aisle 2,100,29.99,Supplier A,Out of Stock,4/25/2023
1402,Gadget X,TOYS,Warehouse 3,Aisle 4,150,9.99,Supplier D,Low Stock,1/12/2024
1637,Widget B,FURNITURE,Warehouse 3,Aisle 4,150,29.99,Supplier B,Out of Stock,3/5/2023
1129,Gadget Y,FURNITURE,Warehouse 3,Aisle 4,200,49.99,Supplier C,In Stock,1/15/2023
1052,Widget B,CLOTHING,Warehouse 1,Aisle 2,150,19.99,Supplier A,In Stock,1/15/2023
1683,Gadget X,TOYS,Warehouse 2,Aisle 2,100,19.99,Supplier A,Low Stock,1/12/2024
1729,Widget A,CLOTHING,Warehouse 3,Aisle 4,150,19.99,Supplier B,In Stock,1/12/2024
1671,Gadget Y,ELECTRONICS,Warehouse 1,Aisle 4,100,29.99,Supplier B,In Stock,3/5/2023
1709,Widget A,ELECTRONICS,Warehouse 1,Aisle 5,200,29.99,Supplier A,In Stock,4/25/2023
1415,Widget A,ELECTRONICS,Warehouse 1,Aisle 4,200,28.0305,Supplier C,Low Stock,12/20/2022
1246,Widget A,TOYS,Warehouse 3,Aisle 5,150,19.99,Supplier C,Out of Stock,4/25/2023
1835,Widget C,FURNITURE,Warehouse 3,Aisle 3,150,28.0305,Supplier D,In Stock,1/15/2023
1438,Gadget Z,TOYS,Warehouse 2,Aisle 2,300,19.99,Supplier B,Low Stock,1/12/2024
1202,Widget C,TOYS,Warehouse 3,Aisle 4,200,28.0305,Supplier C,In Stock,3/5/2023
1183,Gadget Z,FURNITURE,Warehouse 3,Aisle 2,150,28.0305,Supplier D,Low Stock,4/25/2023
1122,Widget A,CLOTHING,Warehouse 1,Aisle 2,100,49.99,Supplier C,In Stock,3/5/2023
1400,Gadget Y,ELECTRONICS,Warehouse 2,Aisle 2,50,28.0305,Supplier B,Low Stock,4/25/2023
1766,Gadget Z,CLOTHING,Warehouse 3,Aisle 3,150,29.99,Supplier D,In Stock,1/15/2023
1293,Gadget X,ELECTRONICS,Warehouse 3,Aisle 1,50,28.0305,Supplier D,Out of Stock,12/20/2022
1279,Gadget X,TOYS,Warehouse 1,Aisle 4,150,19.99,Supplier D,In Stock,3/5/2023
1836,Widget B,ELECTRONICS,Warehouse 1,Aisle 1,150,28.0305,Supplier C,Low Stock,3/5/2023
1883,Gadget Z,TOYS,Warehouse 3,Aisle 1,50,9.99,Supplier B,In Stock,12/20/2022
1609,Gadget Y,CLOTHING,Warehouse 2,Aisle 1,150,19.99,Supplier D,Out of Stock,3/5/2023
1197,Widget C,TOYS,Warehouse 2,Aisle 2,100,9.99,Supplier A,In Stock,3/5/2023
1981,Widget A,CLOTHING,Warehouse 1,Aisle 5,150,19.99,Supplier B,Low Stock,4/25/2023
1906,Widget B,FURNITURE,Warehouse 1,Aisle 2,300,29.99,Supplier A,Low Stock,4/25/2023
1510,Gadget X,FURNITURE,Warehouse 3,Aisle 2,150,29.99,Supplier A,Out of Stock,12/20/2022
1751,Widget C,FURNITURE,Warehouse 1,Aisle 1,200,29.99,Supplier D,Low Stock,1/15/2023
1143,Widget C,TOYS,Warehouse 3,Aisle 2,100,9.99,Supplier D,In Stock,3/5/2023
1608,Widget A,FURNITURE,Warehouse 2,Aisle 1,50,49.99,Supplier C,In Stock,1/15/2023
1200,Gadget Z,ELECTRONICS,Warehouse 2,Aisle 5,150,19.99,Supplier C,In Stock,12/20/2022
1123,Gadget X,CLOTHING,Warehouse 3,Aisle 4,200,29.99,Supplier C,Low Stock,12/20/2022
1186,Gadget Y,CLOTHING,Warehouse 1,Aisle 1,150,19.99,Supplier B,In Stock,4/25/2023
1325,Widget C,ELECTRONICS,Warehouse 2,Aisle 5,200,9.99,Supplier C,In Stock,3/5/2023
1463,Widget A,TOYS,Warehouse 1,Aisle 4,150,49.99,Supplier A,In Stock,1/12/2024
1348,Gadget Y,TOYS,Warehouse 2,Aisle 3,150,9.99,Supplier C,Out of Stock,12/20/2022
1770,Gadget Z,CLOTHING,Warehouse 3,Aisle 1,300,19.99,Supplier D,Low Stock,3/5/2023
1659,Gadget X,FURNITURE,Warehouse 3,Aisle 1,300,49.99,Supplier C,Low Stock,1/15/2023
1763,Gadget Z,TOYS,Warehouse 3,Aisle 3,200,49.99,Supplier B,Low Stock,4/25/2023
1954,Widget C,TOYS,Warehouse 2,Aisle 3,150,9.99,Supplier B,Out of Stock,1/15/2023
1931,Gadget Y,ELECTRONICS,Warehouse 1,Aisle 1,200,29.99,Supplier A,Low Stock,12/20/2022
1402,Gadget Y,ELECTRONICS,Warehouse 1,Aisle 3,150,19.99,Supplier B,Out of Stock,12/20/2022
1345,Gadget Y,FURNITURE,Warehouse 1,Aisle 2,150,28.0305,Supplier C,Out of Stock,1/15/2023
1962,Widget C,TOYS,Warehouse 2,Aisle 4,50,28.0305,Supplier D,Low Stock,12/20/2022
1510,Widget C,TOYS,Warehouse 2,Aisle 4,300,9.99,Supplier B,In Stock,3/5/2023
1146,Gadget Z,ELECTRONICS,Warehouse 2,Aisle 4,50,19.99,Supplier A,In Stock,12/20/2022
1147,Widget B,TOYS,Warehouse 2,Aisle 2,100,19.99,Supplier C,Low Stock,4/25/2023
1863,Gadget Z,CLOTHING,Warehouse 2,Aisle 3,150,9.99,Supplier A,Low Stock,3/5/2023
1710,Gadget X,ELECTRONICS,Warehouse 1,Aisle 5,50,19.99,Supplier B,Out of Stock,1/12/2024
1819,Widget A,FURNITURE,Warehouse 2,Aisle 3,200,29.99,Supplier B,Low Stock,12/20/2022
1488,Gadget Y,ELECTRONICS,Warehouse 2,Aisle 1,300,9.99,Supplier A,Out of Stock,12/20/2022
1928,Widget B,TOYS,Warehouse 1,Aisle 4,300,29.99,Supplier C,Low Stock,4/25/2023
1935,Widget A,FURNITURE,Warehouse 2,Aisle 3,150,19.99,Supplier B,In Stock,4/25/2023
1639,Widget B,ELECTRONICS,Warehouse 1,Aisle 5,200,9.99,Supplier D,In Stock,1/15/2023
1550,Gadget Z,CLOTHING,Warehouse 1,Aisle 1,150,19.99,Supplier B,Low Stock,1/15/2023
1337,Widget C,CLOTHING,Warehouse 3,Aisle 2,50,9.99,Supplier C,Out of Stock,1/15/2023
1871,Gadget Y,ELECTRONICS,Warehouse 3,Aisle 2,100,19.99,Supplier B,In Stock,4/25/2023
1640,Gadget Z,CLOTHING,Warehouse 3,Aisle 5,200,29.99,Supplier A,Out of Stock,1/15/2023
1778,Widget A,CLOTHING,Warehouse 3,Aisle 1,200,29.99,Supplier B,Low Stock,1/15/2023
1987,Widget A,CLOTHING,Warehouse 2,Aisle 4,200,19.99,Supplier B,Low Stock,1/12/2024
1952,Widget A,FURNITURE,Warehouse 3,Aisle 3,150,9.99,Supplier C,In Stock,1/15/2023
1472,Widget A,CLOTHING,Warehouse 1,Aisle 1,50,28.0305,Supplier A,Low Stock,12/20/2022
1945,Widget A,CLOTHING,Warehouse 2,Aisle 2,200,29.99,Supplier C,In Stock,4/25/2023
1150,Widget B,CLOTHING,Warehouse 3,Aisle 5,200,29.99,Supplier B,Out of Stock,3/5/2023
1414,Gadget Z,FURNITURE,Warehouse 1,Aisle 5,300,28.0305,Supplier D,In Stock,1/12/2024
1989,Gadget Y,ELECTRONICS,Warehouse 2,Aisle 3,100,19.99,Supplier B,In Stock,4/25/2023
1297,Widget C,TOYS,Warehouse 2,Aisle 5,300,9.99,Supplier C,Out of Stock,4/25/2023
1610,Widget C,CLOTHING,Warehouse 3,Aisle 5,300,19.99,Supplier D,In Stock,12/20/2022
1262,Gadget Z,ELECTRONICS,Warehouse 2,Aisle 1,100,49.99,Supplier C,In Stock,1/15/2023
1763,Gadget Z,CLOTHING,Warehouse 1,Aisle 4,50,29.99,Supplier C,Low Stock,12/20/2022
1143,Widget C,FURNITURE,Warehouse 2,Aisle 3,300,49.99,Supplier A,Out of Stock,1/15/2023
1345,Widget C,ELECTRONICS,Warehouse 1,Aisle 1,50,29.99,Supplier D,In Stock,1/15/2023
1623,Widget B,FURNITURE,Warehouse 2,Aisle 4,300,29.99,Supplier B,Out of Stock,4/25/2023
1571,Gadget X,CLOTHING,Warehouse 3,Aisle 1,150,49.99,Supplier C,Out of Stock,1/15/2023
1880,Gadget Y,CLOTHING,Warehouse 1,Aisle 1,100,49.99,Supplier B,In Stock,1/12/2024
1001,Widget A,FURNITURE,Warehouse 2,Aisle 5,300,19.99,Supplier A,Low Stock,1/12/2024
1896,Gadget X,TOYS,Warehouse 2,Aisle 4,150,49.99,Supplier A,Out of Stock,1/12/2024
1303,Gadget Z,FURNITURE,Warehouse 2,Aisle 3,150,19.99,Supplier D,In Stock,4/25/2023
1253,Widget C,CLOTHING,Warehouse 1,Aisle 3,150,19.99,Supplier A,Out of Stock,12/20/2022
1651,Gadget X,FURNITURE,Warehouse 1,Aisle 4,200,19.99,Supplier A,Low Stock,3/5/2023
1452,Gadget Y,TOYS,Warehouse 1,Aisle 5,300,29.99,Supplier B,Low Stock,1/15/2023
1036,Gadget Z,FURNITURE,Warehouse 3,Aisle 2,150,29.99,Supplier A,Low Stock,3/5/2023
1159,Widget A,TOYS,Warehouse 3,Aisle 1,50,49.99,Supplier A,In Stock,12/20/2022
1008,Widget A,TOYS,Warehouse 1,Aisle 5,150,29.99,Supplier C,In Stock,12/20/2022
1232,Gadget Y,FURNITURE,Warehouse 2,Aisle 4,300,49.99,Supplier A,Low Stock,4/25/2023
1098,Gadget Y,FURNITURE,Warehouse 3,Aisle 1,200,29.99,Supplier C,In Stock,1/12/2024
1658,Widget C,ELECTRONICS,Warehouse 1,Aisle 3,150,9.99,Supplier A,Low Stock,1/12/2024
1815,Widget A,CLOTHING,Warehouse 2,Aisle 2,150,9.99,Supplier A,In Stock,12/20/2022
1207,Gadget Z,TOYS,Warehouse 3,Aisle 3,300,49.99,Supplier D,Low Stock,4/25/2023
1130,Gadget X,ELECTRONICS,Warehouse 2,Aisle 4,150,29.99,Supplier D,Out of Stock,4/25/2023
1403,Gadget Z,FURNITURE,Warehouse 2,Aisle 1,200,29.99,Supplier C,Low Stock,1/15/2023
1151,Widget B,CLOTHING,Warehouse 2,Aisle 4,150,19.99,Supplier A,Low Stock,1/12/2024
1053,Widget B,ELECTRONICS,Warehouse 2,Aisle 1,150,28.0305,Supplier B,In Stock,12/20/2022
1119,Gadget Y,TOYS,Warehouse 3,Aisle 5,150,49.99,Supplier D,In Stock,3/5/2023
1672,Widget C,ELECTRONICS,Warehouse 3,Aisle 2,100,28.0305,Supplier B,In Stock,1/12/2024
1919,Widget B,TOYS,Warehouse 3,Aisle 5,150,28.0305,Supplier D,In Stock,1/15/2023
1627,Widget A,FURNITURE,Warehouse 1,Aisle 5,100,49.99,Supplier D,In Stock,4/25/2023
1586,Gadget Z,CLOTHING,Warehouse 3,Aisle 4,150,29.99,Supplier A,In Stock,12/20/2022
1624,Gadget Z,CLOTHING,Warehouse 2,Aisle 2,300,49.99,Supplier D,Out of Stock,1/12/2024
1967,Gadget Y,CLOTHING,Warehouse 3,Aisle 1,300,28.0305,Supplier B,Low Stock,3/5/2023
1419,Gadget X,FURNITURE,Warehouse 2,Aisle 1,150,29.99,Supplier D,Low Stock,1/15/2023
1421,Gadget Y,TOYS,Warehouse 1,Aisle 3,150,9.99,Supplier C,Low Stock,1/15/2023
1103,Gadget X,FURNITURE,Warehouse 2,Aisle 1,50,49.99,Supplier A,Out of Stock,1/12/2024
1851,Gadget Y,CLOTHING,Warehouse 2,Aisle 4,150,49.99,Supplier A,Low Stock,3/5/2023
1253,Gadget Y,FURNITURE,Warehouse 2,Aisle 5,150,29.99,Supplier C,Out of Stock,1/15/2023
1226,Gadget Y,FURNITURE,Warehouse 1,Aisle 5,300,9.99,Supplier C,Out of Stock,12/20/2022
1111,Gadget X,FURNITURE,Warehouse 3,Aisle 5,200,9.99,Supplier C,Out of Stock,1/15/2023
1509,Gadget X,TOYS,Warehouse 3,Aisle 2,300,29.99,Supplier D,Low Stock,3/5/2023
1472,Gadget Y,ELECTRONICS,Warehouse 1,Aisle 1,100,19.99,Supplier A,Out of Stock,4/25/2023
1098,Widget B,ELECTRONICS,Warehouse 2,Aisle 4,300,49.99,Supplier C,Low Stock,4/25/2023
1152,Widget C,FURNITURE,Warehouse 3,Aisle 2,50,49.99,Supplier D,Low Stock,1/12/2024
1860,Widget C,ELECTRONICS,Warehouse 1,Aisle 3,150,28.0305,Supplier C,In Stock,3/5/2023
1913,Widget C,ELECTRONICS,Warehouse 3,Aisle 4,150,29.99,Supplier B,In Stock,1/15/2023
1895,Gadget X,FURNITURE,Warehouse 1,Aisle 4,300,28.0305,Supplier B,Out of Stock,1/15/2023
1877,Gadget X,FURNITURE,Warehouse 2,Aisle 4,200,28.0305,Supplier A,Out of Stock,4/25/2023
1337,Widget B,CLOTHING,Warehouse 3,Aisle 5,200,9.99,Supplier D,Low Stock,4/25/2023
1705,Widget C,ELECTRONICS,Warehouse 1,Aisle 4,50,49.99,Supplier B,Out of Stock,12/20/2022
1821,Widget C,TOYS,Warehouse 3,Aisle 1,100,28.0305,Supplier B,Out of Stock,4/25/2023
1162,Gadget Y,FURNITURE,Warehouse 3,Aisle 4,300,9.99,Supplier D,Low Stock,12/20/2022
1719,Gadget X,CLOTHING,Warehouse 3,Aisle 5,150,29.99,Supplier C,Out of Stock,1/15/2023
1956,Widget C,TOYS,Warehouse 3,Aisle 4,300,28.0305,Supplier D,Out of Stock,12/20/2022
1680,Gadget Z,ELECTRONICS,Warehouse 1,Aisle 3,50,49.99,Supplier C,Low Stock,12/20/2022
1995,Widget B,CLOTHING,Warehouse 2,Aisle 3,150,28.0305,Supplier B,Low Stock,1/12/2024
1160,Gadget Z,FURNITURE,Warehouse 1,Aisle 5,150,29.99,Supplier B,In Stock,4/25/2023
1579,Gadget Z,TOYS,Warehouse 1,Aisle 1,50,28.0305,Supplier B,Low Stock,12/20/2022
1800,Widget B,FURNITURE,Warehouse 1,Aisle 1,150,49.99,Supplier A,In Stock,1/15/2023
1397,Gadget Z,ELECTRONICS,Warehouse 2,Aisle 2,50,9.99,Supplier A,Out of Stock,3/5/2023
1276,Widget C,TOYS,Warehouse 3,Aisle 5,150,49.99,Supplier A,Low Stock,12/20/2022
1815,Gadget X,ELECTRONICS,Warehouse 3,Aisle 4,200,9.99,Supplier D,Low Stock,4/25/2023
1915,Widget B,ELECTRONICS,Warehouse 3,Aisle 5,50,19.99,Supplier B,Low Stock,1/12/2024
1503,Gadget Y,CLOTHING,Warehouse 2,Aisle 2,150,49.99,Supplier B,Out of Stock,1/15/2023
1895,Gadget Z,FURNITURE,Warehouse 3,Aisle 5,50,49.99,Supplier D,In Stock,1/12/2024
1391,Widget B,TOYS,Warehouse 2,Aisle 5,50,29.99,Supplier A,Out of Stock,3/5/2023
1134,Widget A,ELECTRONICS,Warehouse 3,Aisle 2,150,28.0305,Supplier D,Out of Stock,12/20/2022
1194,Widget A,ELECTRONICS,Warehouse 3,Aisle 1,150,9.99,Supplier A,Low Stock,12/20/2022
1400,Gadget X,TOYS,Warehouse 1,Aisle 4,100,9.99,Supplier B,In Stock,4/25/2023
1639,Widget C,ELECTRONICS,Warehouse 2,Aisle 2,50,29.99,Supplier C,Out of Stock,12/20/2022
1032,Gadget X,CLOTHING,Warehouse 1,Aisle 3,150,29.99,Supplier A,Low Stock,1/15/2023
1687,Gadget X,CLOTHING,Warehouse 1,Aisle 1,50,28.0305,Supplier B,Out of Stock,3/5/2023
1459,Gadget X,CLOTHING,Warehouse 1,Aisle 3,50,28.0305,Supplier B,Out of Stock,1/12/2024
1954,Gadget X,CLOTHING,Warehouse 2,Aisle 1,150,49.99,Supplier C,Low Stock,3/5/2023
1882,Gadget Y,ELECTRONICS,Warehouse 2,Aisle 4,50,19.99,Supplier B,Low Stock,12/20/2022
1469,Gadget Y,TOYS,Warehouse 3,Aisle 4,300,28.0305,Supplier B,In Stock,1/12/2024
1374,Widget B,TOYS,Warehouse 1,Aisle 5,50,29.99,Supplier A,Out of Stock,4/25/2023
1021,Widget A,TOYS,Warehouse 3,Aisle 3,300,28.0305,Supplier A,Low Stock,3/5/2023
1749,Gadget X,TOYS,Warehouse 1,Aisle 1,150,9.99,Supplier C,Low Stock,1/12/2024
1669,Widget B,FURNITURE,Warehouse 2,Aisle 4,150,19.99,Supplier C,In Stock,1/12/2024
1037,Widget A,TOYS,Warehouse 2,Aisle 2,50,49.99,Supplier B,In Stock,1/12/2024
1229,Gadget Z,FURNITURE,Warehouse 2,Aisle 4,300,9.99,Supplier A,Low Stock,1/15/2023
1364,Widget C,FURNITURE,Warehouse 1,Aisle 2,300,9.99,Supplier C,In Stock,3/5/2023
1562,Gadget Y,CLOTHING,Warehouse 2,Aisle 1,300,19.99,Supplier C,Low Stock,1/12/2024
1437,Gadget Z,FURNITURE,Warehouse 1,Aisle 4,200,49.99,Supplier D,Out of Stock,3/5/2023
1775,Widget A,ELECTRONICS,Warehouse 3,Aisle 4,100,29.99,Supplier C,In Stock,1/12/2024
1282,Gadget Z,FURNITURE,Warehouse 1,Aisle 1,150,49.99,Supplier B,Out of Stock,4/25/2023
1026,Widget C,CLOTHING,Warehouse 3,Aisle 4,50,28.0305,Supplier A,Out of Stock,4/25/2023
1225,Widget A,FURNITURE,Warehouse 1,Aisle 2,200,9.99,Supplier C,Out of Stock,4/25/2023
1276,Gadget Z,ELECTRONICS,Warehouse 3,Aisle 4,50,28.0305,Supplier D,Low Stock,12/20/2022
1797,Gadget Y,ELECTRONICS,Warehouse 2,Aisle 3,50,29.99,Supplier A,Out of Stock,1/12/2024
1608,Gadget Y,ELECTRONICS,Warehouse 3,Aisle 5,150,28.0305,Supplier C,Out of Stock,12/20/2022
1283,Widget B,CLOTHING,Warehouse 2,Aisle 2,150,49.99,Supplier D,Out of Stock,3/5/2023
1878,Gadget Z,CLOTHING,Warehouse 2,Aisle 3,150,28.0305,Supplier C,Low Stock,12/20/2022
1959,Gadget X,TOYS,Warehouse 3,Aisle 1,200,29.99,Supplier A,Out of Stock,3/5/2023
1480,Gadget Z,CLOTHING,Warehouse 1,Aisle 2,50,29.99,Supplier A,Out of Stock,3/5/2023
1452,Widget A,ELECTRONICS,Warehouse 1,Aisle 5,100,29.99,Supplier A,In Stock,3/5/2023
1828,Widget A,ELECTRONICS,Warehouse 1,Aisle 5,150,49.99,Supplier B,Low Stock,12/20/2022
1815,Gadget Z,CLOTHING,Warehouse 1,Aisle 1,150,29.99,Supplier C,Out of Stock,1/12/2024
1658,Widget C,FURNITURE,Warehouse 1,Aisle 1,150,9.99,Supplier B,In Stock,12/20/2022
1515,Gadget Y,CLOTHING,Warehouse 2,Aisle 2,50,29.99,Supplier A,Low Stock,1/12/2024
1546,Widget A,CLOTHING,Warehouse 1,Aisle 4,50,28.0305,Supplier D,Low Stock,1/12/2024
1191,Gadget Y,ELECTRONICS,Warehouse 2,Aisle 1,200,28.0305,Supplier C,Low Stock,3/5/2023
1048,Widget A,TOYS,Warehouse 2,Aisle 4,200,28.0305,Supplier B,Low Stock,12/20/2022
1511,Widget B,ELECTRONICS,Warehouse 2,Aisle 3,150,49.99,Supplier C,Low Stock,1/12/2024
1016,Gadget X,TOYS,Warehouse 3,Aisle 5,50,28.0305,Supplier D,Low Stock,4/25/2023
1171,Widget A,ELECTRONICS,Warehouse 3,Aisle 4,100,49.99,Supplier B,Out of Stock,1/12/2024
1219,Gadget Y,CLOTHING,Warehouse 2,Aisle 5,150,49.99,Supplier A,Out of Stock,4/25/2023
1157,Widget B,ELECTRONICS,Warehouse 3,Aisle 4,50,29.99,Supplier B,Out of Stock,12/20/2022
1476,Widget A,ELECTRONICS,Warehouse 1,Aisle 3,50,9.99,Supplier C,Out of Stock,12/20/2022
1045,Widget C,ELECTRONICS,Warehouse 1,Aisle 1,300,29.99,Supplier C,In Stock,12/20/2022
1372,Gadget X,CLOTHING,Warehouse 2,Aisle 3,200,29.99,Supplier C,Out of Stock,1/12/2024
1517,Widget A,CLOTHING,Warehouse 1,Aisle 1,150,49.99,Supplier C,Low Stock,1/15/2023
1098,Widget B,CLOTHING,Warehouse 2,Aisle 1,150,49.99,Supplier A,Out of Stock,1/12/2024
1891,Widget C,CLOTHING,Warehouse 2,Aisle 5,50,28.0305,Supplier B,Out of Stock,1/12/2024
1744,Gadget Z,TOYS,Warehouse 1,Aisle 3,150,28.0305,Supplier A,Low Stock,3/5/2023
1036,Widget B,TOYS,Warehouse 3,Aisle 4,50,29.99,Supplier A,Out of Stock,3/5/2023
1279,Widget B,FURNITURE,Warehouse 1,Aisle 3,150,19.99,Supplier A,Out of Stock,1/12/2024
1348,Widget C,CLOTHING,Warehouse 1,Aisle 5,150,19.99,Supplier C,Out of Stock,4/25/2023
1496,Widget B,TOYS,Warehouse 2,Aisle 1,200,28.0305,Supplier C,In Stock,3/5/2023
1301,Widget C,ELECTRONICS,Warehouse 2,Aisle 5,150,19.99,Supplier C,Out of Stock,1/12/2024
1180,Widget A,CLOTHING,Warehouse 2,Aisle 2,300,28.0305,Supplier B,Low Stock,1/15/2023
1606,Widget C,FURNITURE,Warehouse 2,Aisle 2,100,49.99,Supplier D,Low Stock,4/25/2023
1098,Widget C,FURNITURE,Warehouse 3,Aisle 4,200,29.99,Supplier C,Out of Stock,12/20/2022
1699,Gadget X,FURNITURE,Warehouse 3,Aisle 5,150,9.99,Supplier B,Out of Stock,1/12/2024
1992,Widget C,ELECTRONICS,Warehouse 3,Aisle 4,300,29.99,Supplier C,Out of Stock,1/12/2024
1115,Widget C,TOYS,Warehouse 2,Aisle 4,100,28.0305,Supplier C,Low Stock,4/25/2023
1190,Gadget Z,ELECTRONICS,Warehouse 2,Aisle 2,300,28.0305,Supplier A,Low Stock,3/5/2023
1252,Widget A,CLOTHING,Warehouse 2,Aisle 4,50,29.99,Supplier A,In Stock,3/5/2023
1980,Gadget X,FURNITURE,Warehouse 3,Aisle 2,50,28.0305,Supplier A,In Stock,3/5/2023
1927,Gadget Z,ELECTRONICS,Warehouse 2,Aisle 1,150,19.99,Supplier B,In Stock,12/20/2022
1982,Gadget Y,ELECTRONICS,Warehouse 1,Aisle 5,200,19.99,Supplier D,Low Stock,4/25/2023
1160,Widget A,TOYS,Warehouse 1,Aisle 4,50,28.0305,Supplier D,In Stock,4/25/2023
1255,Widget A,TOYS,Warehouse 2,Aisle 2,300,28.0305,Supplier B,Out of Stock,3/5/2023
1322,Gadget Y,FURNITURE,Warehouse 1,Aisle 3,200,19.99,Supplier C,Out of Stock,3/5/2023
1127,Widget C,ELECTRONICS,Warehouse 1,Aisle 4,50,28.0305,Supplier B,Low Stock,1/15/2023
1017,Gadget Z,ELECTRONICS,Warehouse 3,Aisle 1,150,28.0305,Supplier C,In Stock,1/15/2023
1792,Widget B,TOYS,Warehouse 2,Aisle 1,150,29.99,Supplier B,Out of Stock,1/12/2024
1734,Gadget X,ELECTRONICS,Warehouse 2,Aisle 3,150,9.99,Supplier B,Low Stock,1/12/2024
1565,Widget B,ELECTRONICS,Warehouse 3,Aisle 2,100,19.99,Supplier B,In Stock,4/25/2023
1569,Gadget Y,ELECTRONICS,Warehouse 1,Aisle 4,50,29.99,Supplier D,Out of Stock,4/25/2023
1322,Widget A,TOYS,Warehouse 1,Aisle 2,100,9.99,Supplier A,In Stock,12/20/2022
1871,Widget A,FURNITURE,Warehouse 2,Aisle 1,100,28.0305,Supplier B,Low Stock,12/20/2022
1685,Gadget X,CLOTHING,Warehouse 1,Aisle 2,300,28.0305,Supplier D,In Stock,1/15/2023
1791,Widget A,FURNITURE,Warehouse 3,Aisle 1,200,29.99,Supplier A,Low Stock,1/12/2024
1625,Widget A,CLOTHING,Warehouse 3,Aisle 2,300,28.0305,Supplier A,In Stock,1/15/2023
1287,Gadget X,ELECTRONICS,Warehouse 2,Aisle 3,50,49.99,Supplier B,Out of Stock,1/15/2023
1942,Gadget Z,FURNITURE,Warehouse 3,Aisle 5,100,29.99,Supplier C,Low Stock,1/12/2024
1853,Gadget Z,CLOTHING,Warehouse 3,Aisle 3,150,9.99,Supplier C,Low Stock,12/20/2022
1662,Gadget X,TOYS,Warehouse 2,Aisle 3,100,29.99,Supplier C,Low Stock,1/12/2024
1961,Gadget Y,TOYS,Warehouse 3,Aisle 5,150,19.99,Supplier B,In Stock,3/5/2023
1638,Widget A,FURNITURE,Warehouse 3,Aisle 5,300,29.99,Supplier C,In Stock,3/5/2023
1154,Widget A,FURNITURE,Warehouse 3,Aisle 4,300,28.0305,Supplier D,Out of Stock,3/5/2023
1489,Gadget Y,ELECTRONICS,Warehouse 1,Aisle 4,200,28.0305,Supplier D,Low Stock,4/25/2023
1385,Gadget Z,FURNITURE,Warehouse 2,Aisle 3,100,49.99,Supplier D,Low Stock,12/20/2022
1985,Widget C,ELECTRONICS,Warehouse 2,Aisle 3,150,49.99,Supplier D,In Stock,12/20/2022
1784,Widget C,ELECTRONICS,Warehouse 2,Aisle 1,300,49.99,Supplier A,In Stock,4/25/2023
1103,Widget C,TOYS,Warehouse 1,Aisle 1,300,9.99,Supplier D,Out of Stock,1/15/2023
1928,Gadget Z,TOYS,Warehouse 1,Aisle 4,200,49.99,Supplier C,Out of Stock,3/5/2023
1392,Gadget Z,CLOTHING,Warehouse 2,Aisle 4,150,9.99,Supplier B,In Stock,3/5/2023
1810,Gadget Y,TOYS,Warehouse 1,Aisle 1,200,49.99,Supplier C,Low Stock,1/15/2023
1245,Widget A,TOYS,Warehouse 2,Aisle 1,100,9.99,Supplier D,Out of Stock,1/12/2024
1175,Gadget Y,FURNITURE,Warehouse 1,Aisle 2,50,29.99,Supplier A,In Stock,1/12/2024
1038,Gadget Y,TOYS,Warehouse 3,Aisle 2,50,29.99,Supplier D,In Stock,12/20/2022
1476,Gadget Z,CLOTHING,Warehouse 3,Aisle 1,150,28.0305,Supplier B,Low Stock,4/25/2023
1681,Widget C,FURNITURE,Warehouse 2,Aisle 2,300,9.99,Supplier C,In Stock,12/20/2022
1758,Widget B,CLOTHING,Warehouse 1,Aisle 5,150,19.99,Supplier B,In Stock,1/12/2024
1537,Widget A,TOYS,Warehouse 1,Aisle 4,300,28.0305,Supplier B,Out of Stock,1/15/2023
1866,Gadget Z,CLOTHING,Warehouse 3,Aisle 4,300,29.99,Supplier B,In Stock,12/20/2022
1817,Widget C,FURNITURE,Warehouse 3,Aisle 1,50,9.99,Supplier C,In Stock,3/5/2023
1920,Widget B,ELECTRONICS,Warehouse 1,Aisle 3,150,49.99,Supplier D,Out of Stock,3/5/2023
1407,Widget B,CLOTHING,Warehouse 1,Aisle 1,200,19.99,Supplier B,Low Stock,1/15/2023
1524,Gadget Z,CLOTHING,Warehouse 1,Aisle 2,300,29.99,Supplier C,Low Stock,1/12/2024
1827,Gadget X,FURNITURE,Warehouse 1,Aisle 3,150,28.0305,Supplier A,Out of Stock,3/5/2023
1505,Widget A,FURNITURE,Warehouse 1,Aisle 2,150,9.99,Supplier C,Out of Stock,3/5/2023
1902,Widget B,CLOTHING,Warehouse 1,Aisle 5,200,19.99,Supplier A,Low Stock,4/25/2023
1824,Gadget Z,TOYS,Warehouse 2,Aisle 2,150,9.99,Supplier C,Low Stock,12/20/2022
1035,Gadget Z,CLOTHING,Warehouse 1,Aisle 5,100,49.99,Supplier D,Low Stock,1/12/2024
1684,Widget C,FURNITURE,Warehouse 3,Aisle 5,300,28.0305,Supplier B,Low Stock,12/20/2022
1019,Gadget X,ELECTRONICS,Warehouse 2,Aisle 2,200,9.99,Supplier D,Low Stock,1/12/2024
1320,Widget A,ELECTRONICS,Warehouse 1,Aisle 2,150,29.99,Supplier C,Out of Stock,3/5/2023
1775,Gadget Y,TOYS,Warehouse 3,Aisle 5,300,28.0305,Supplier B,In Stock,4/25/2023
1511,Widget C,CLOTHING,Warehouse 2,Aisle 3,200,29.99,Supplier A,Low Stock,12/20/2022
1399,Widget B,ELECTRONICS,Warehouse 3,Aisle 5,50,9.99,Supplier C,Low Stock,3/5/2023
1653,Widget B,CLOTHING,Warehouse 1,Aisle 4,150,28.0305,Supplier B,In Stock,1/12/2024
1971,Widget C,FURNITURE,Warehouse 1,Aisle 5,50,29.99,Supplier A,In Stock,12/20/2022
1882,Gadget Z,ELECTRONICS,Warehouse 1,Aisle 3,300,49.99,Supplier A,In Stock,12/20/2022
1470,Widget B,TOYS,Warehouse 1,Aisle 4,150,49.99,Supplier D,In Stock,3/5/2023
1142,Gadget X,FURNITURE,Warehouse 2,Aisle 1,150,9.99,Supplier C,In Stock,12/20/2022
1091,Widget A,TOYS,Warehouse 2,Aisle 1,200,28.0305,Supplier A,In Stock,4/25/2023
1353,Gadget X,FURNITURE,Warehouse 3,Aisle 3,300,19.99,Supplier B,Out of Stock,4/25/2023
1833,Widget B,ELECTRONICS,Warehouse 1,Aisle 5,100,28.0305,Supplier A,In Stock,3/5/2023
1799,Gadget Y,TOYS,Warehouse 3,Aisle 2,150,49.99,Supplier A,In Stock,1/12/2024
1726,Widget A,TOYS,Warehouse 2,Aisle 3,150,29.99,Supplier D,Out of Stock,3/5/2023
1958,Widget A,FURNITURE,Warehouse 1,Aisle 4,300,19.99,Supplier D,In Stock,4/25/2023
1853,Widget C,TOYS,Warehouse 1,Aisle 4,300,9.99,Supplier B,Low Stock,1/15/2023
1050,Widget C,FURNITURE,Warehouse 2,Aisle 1,50,19.99,Supplier D,Low Stock,1/15/2023
1664,Gadget Y,FURNITURE,Warehouse 2,Aisle 4,150,9.99,Supplier A,In Stock,12/20/2022
1697,Gadget Z,FURNITURE,Warehouse 2,Aisle 3,50,19.99,Supplier A,Out of Stock,12/20/2022
1574,Widget A,FURNITURE,Warehouse 2,Aisle 4,50,9.99,Supplier D,Low Stock,1/15/2023
1189,Gadget Y,ELECTRONICS,Warehouse 2,Aisle 3,150,9.99,Supplier A,Out of Stock,4/25/2023
1124,Widget C,FURNITURE,Warehouse 1,Aisle 2,100,19.99,Supplier A,Low Stock,12/20/2022
1149,Widget C,CLOTHING,Warehouse 2,Aisle 1,50,19.99,Supplier B,In Stock,3/5/2023
1313,Widget A,TOYS,Warehouse 1,Aisle 4,50,9.99,Supplier D,Out of Stock,3/5/2023
1569,Gadget X,CLOTHING,Warehouse 1,Aisle 3,150,49.99,Supplier A,Out of Stock,4/25/2023
1341,Widget B,ELECTRONICS,Warehouse 2,Aisle 5,150,19.99,Supplier D,Out of Stock,12/20/2022
1304,Widget C,CLOTHING,Warehouse 2,Aisle 1,200,28.0305,Supplier B,Low Stock,3/5/2023
1691,Gadget Z,TOYS,Warehouse 1,Aisle 2,100,29.99,Supplier D,Low Stock,12/20/2022
1681,Gadget Z,CLOTHING,Warehouse 2,Aisle 3,100,9.99,Supplier A,Low Stock,12/20/2022
1837,Widget C,ELECTRONICS,Warehouse 2,Aisle 2,150,9.99,Supplier D,In Stock,3/5/2023
1782,Gadget X,FURNITURE,Warehouse 2,Aisle 2,300,29.99,Supplier A,Low Stock,1/15/2023
1053,Gadget X,CLOTHING,Warehouse 3,Aisle 4,300,49.99,Supplier A,In Stock,3/5/2023
1443,Gadget Y,ELECTRONICS,Warehouse 1,Aisle 4,150,29.99,Supplier A,Out of Stock,4/25/2023
1612,Gadget Z,ELECTRONICS,Warehouse 3,Aisle 3,150,19.99,Supplier B,Out of Stock,1/12/2024
1992,Gadget Y,TOYS,Warehouse 2,Aisle 5,150,29.99,Supplier D,In Stock,3/5/2023
1263,Gadget Z,TOYS,Warehouse 3,Aisle 3,150,9.99,Supplier B,Low Stock,12/20/2022
1052,Widget B,CLOTHING,Warehouse 2,Aisle 5,100,29.99,Supplier D,In Stock,12/20/2022
1571,Widget B,FURNITURE,Warehouse 3,Aisle 2,100,28.0305,Supplier B,Out of Stock,3/5/2023
1619,Widget A,ELECTRONICS,Warehouse 2,Aisle 1,200,19.99,Supplier C,Out of Stock,1/12/2024
1004,Gadget Y,CLOTHING,Warehouse 3,Aisle 3,300,29.99,Supplier A,In Stock,3/5/2023
1102,Widget C,ELECTRONICS,Warehouse 3,Aisle 3,150,9.99,Supplier A,Low Stock,1/12/2024
1195,Gadget Y,ELECTRONICS,Warehouse 3,Aisle 5,50,19.99,Supplier B,Low Stock,1/12/2024
1773,Widget C,FURNITURE,Warehouse 1,Aisle 2,300,9.99,Supplier C,In Stock,4/25/2023
1876,Gadget X,FURNITURE,Warehouse 3,Aisle 2,50,49.99,Supplier A,In Stock,12/20/2022
1991,Gadget Y,CLOTHING,Warehouse 1,Aisle 5,200,28.0305,Supplier D,Low Stock,12/20/2022
1883,Gadget X,FURNITURE,Warehouse 2,Aisle 2,200,49.99,Supplier B,Out of Stock,1/12/2024
1349,Widget B,FURNITURE,Warehouse 3,Aisle 4,150,28.0305,Supplier A,In Stock,12/20/2022
1046,Widget B,CLOTHING,Warehouse 2,Aisle 1,200,29.99,Supplier A,Low Stock,1/15/2023
1866,Widget A,FURNITURE,Warehouse 2,Aisle 3,200,19.99,Supplier B,Low Stock,1/12/2024
1822,Gadget Y,TOYS,Warehouse 3,Aisle 1,50,29.99,Supplier B,Out of Stock,12/20/2022
1935,Gadget X,ELECTRONICS,Warehouse 1,Aisle 3,150,28.0305,Supplier D,Out of Stock,1/15/2023
1819,Widget C,ELECTRONICS,Warehouse 3,Aisle 4,200,28.0305,Supplier D,Out of Stock,4/25/2023
1655,Widget B,ELECTRONICS,Warehouse 2,Aisle 2,300,28.0305,Supplier A,Out of Stock,12/20/2022
1268,Widget B,ELECTRONICS,Warehouse 2,Aisle 5,200,9.99,Supplier A,Out of Stock,1/15/2023
1369,Widget C,CLOTHING,Warehouse 3,Aisle 4,150,19.99,Supplier B,In Stock,3/5/2023
1635,Gadget X,ELECTRONICS,Warehouse 1,Aisle 1,150,29.99,Supplier A,Low Stock,3/5/2023
1105,Gadget X,ELECTRONICS,Warehouse 1,Aisle 5,150,29.99,Supplier A,In Stock,1/15/2023
1669,Gadget Y,ELECTRONICS,Warehouse 2,Aisle 2,50,49.99,Supplier B,In Stock,1/12/2024
1658,Gadget Y,ELECTRONICS,Warehouse 2,Aisle 4,150,28.0305,Supplier A,In Stock,1/12/2024
1656,Gadget Z,TOYS,Warehouse 1,Aisle 5,300,28.0305,Supplier A,In Stock,12/20/2022
1119,Gadget Z,ELECTRONICS,Warehouse 3,Aisle 4,100,28.0305,Supplier C,In Stock,3/5/2023
1830,Widget A,TOYS,Warehouse 2,Aisle 4,150,29.99,Supplier D,Out of Stock,1/12/2024
1786,Widget B,CLOTHING,Warehouse 1,Aisle 2,50,49.99,Supplier B,Out of Stock,1/12/2024
1603,Gadget Y,FURNITURE,Warehouse 2,Aisle 3,300,9.99,Supplier C,Low Stock,3/5/2023
1057,Gadget X,ELECTRONICS,Warehouse 3,Aisle 5,150,19.99,Supplier D,In Stock,4/25/2023
1950,Widget C,FURNITURE,Warehouse 1,Aisle 2,300,9.99,Supplier D,Low Stock,1/12/2024
1345,Gadget X,FURNITURE,Warehouse 2,Aisle 4,150,29.99,Supplier D,Out of Stock,1/15/2023
1740,Widget B,CLOTHING,Warehouse 3,Aisle 2,200,28.0305,Supplier C,Out of Stock,12/20/2022
1473,Gadget Z,FURNITURE,Warehouse 2,Aisle 3,150,19.99,Supplier C,Out of Stock,1/12/2024
1116,Gadget X,TOYS,Warehouse 3,Aisle 5,100,29.99,Supplier D,In Stock,1/12/2024
1829,Widget A,FURNITURE,Warehouse 3,Aisle 3,150,29.99,Supplier A,In Stock,4/25/2023
1790,Widget B,FURNITURE,Warehouse 1,Aisle 1,150,29.99,Supplier A,Out of Stock,1/15/2023
1126,Gadget Z,FURNITURE,Warehouse 3,Aisle 5,150,19.99,Supplier C,Low Stock,12/20/2022
1392,Widget C,ELECTRONICS,Warehouse 2,Aisle 3,150,19.99,Supplier C,Low Stock,1/12/2024
1907,Gadget Z,ELECTRONICS,Warehouse 3,Aisle 4,150,49.99,Supplier C,Out of Stock,12/20/2022
1640,Widget A,TOYS,Warehouse 3,Aisle 5,200,49.99,Supplier D,Low Stock,3/5/2023
1057,Widget B,TOYS,Warehouse 1,Aisle 5,300,9.99,Supplier A,Out of Stock,1/12/2024
1633,Widget C,ELECTRONICS,Warehouse 3,Aisle 2,150,19.99,Supplier C,Low Stock,1/12/2024
1512,Widget A,TOYS,Warehouse 3,Aisle 4,200,19.99,Supplier C,Out of Stock,3/5/2023
1750,Gadget Z,ELECTRONICS,Warehouse 2,Aisle 1,300,19.99,Supplier B,Low Stock,4/25/2023
1801,Widget A,CLOTHING,Warehouse 1,Aisle 3,300,49.99,Supplier D,In Stock,1/12/2024
1095,Widget B,FURNITURE,Warehouse 1,Aisle 2,200,29.99,Supplier B,Out of Stock,12/20/2022
1637,Gadget Y,FURNITURE,Warehouse 1,Aisle 3,50,28.0305,Supplier A,Out of Stock,1/15/2023
1117,Widget A,TOYS,Warehouse 3,Aisle 1,150,49.99,Supplier B,Low Stock,12/20/2022
1559,Widget A,ELECTRONICS,Warehouse 1,Aisle 1,300,19.99,Supplier B,Out of Stock,4/25/2023
1600,Gadget Z,ELECTRONICS,Warehouse 3,Aisle 5,300,49.99,Supplier B,Out of Stock,1/15/2023
1487,Gadget Z,TOYS,Warehouse 3,Aisle 1,150,9.99,Supplier D,Out of Stock,12/20/2022
1236,Widget C,ELECTRONICS,Warehouse 2,Aisle 3,300,19.99,Supplier A,In Stock,12/20/2022
1884,Gadget Z,CLOTHING,Warehouse 2,Aisle 4,200,9.99,Supplier B,In Stock,3/5/2023
1896,Gadget X,FURNITURE,Warehouse 2,Aisle 4,300,19.99,Supplier D,Low Stock,4/25/2023
1271,Widget B,TOYS,Warehouse 2,Aisle 5,50,49.99,Supplier A,In Stock,3/5/2023
1188,Widget B,TOYS,Warehouse 2,Aisle 3,150,29.99,Supplier C,Low Stock,1/15/2023
1998,Gadget Y,ELECTRONICS,Warehouse 3,Aisle 3,150,28.0305,Supplier B,In Stock,3/5/2023
1703,Gadget Y,TOYS,Warehouse 3,Aisle 1,300,9.99,Supplier A,Low Stock,4/25/2023
1446,Widget B,CLOTHING,Warehouse 1,Aisle 3,100,49.99,Supplier B,In Stock,1/12/2024
1580,Gadget Y,ELECTRONICS,Warehouse 3,Aisle 2,100,29.99,Supplier C,In Stock,1/12/2024
1789,Widget C,ELECTRONICS,Warehouse 3,Aisle 1,200,49.99,Supplier A,Low Stock,1/15/2023
1860,Gadget Z,ELECTRONICS,Warehouse 2,Aisle 2,100,9.99,Supplier D,Out of Stock,1/12/2024
1246,Widget B,ELECTRONICS,Warehouse 3,Aisle 5,200,28.0305,Supplier A,Out of Stock,3/5/2023
1962,Gadget Y,CLOTHING,Warehouse 2,Aisle 4,150,49.99,Supplier D,In Stock,1/15/2023
1075,Widget B,ELECTRONICS,Warehouse 1,Aisle 5,200,19.99,Supplier A,Low Stock,4/25/2023
1153,Gadget X,TOYS,Warehouse 1,Aisle 4,100,29.99,Supplier D,Out of Stock,1/15/2023
1655,Widget A,CLOTHING,Warehouse 3,Aisle 5,300,49.99,Supplier C,Low Stock,1/15/2023
1434,Gadget Z,FURNITURE,Warehouse 1,Aisle 3,150,29.99,Supplier C,Out of Stock,12/20/2022
1996,Widget B,FURNITURE,Warehouse 3,Aisle 2,100,19.99,Supplier C,Low Stock,12/20/2022
1085,Widget A,TOYS,Warehouse 1,Aisle 4,200,28.0305,Supplier A,In Stock,1/15/2023
1696,Gadget Y,TOYS,Warehouse 2,Aisle 1,50,28.0305,Supplier C,Low Stock,1/12/2024
1284,Widget A,CLOTHING,Warehouse 2,Aisle 2,150,19.99,Supplier B,Out of Stock,12/20/2022
1973,Gadget Z,FURNITURE,Warehouse 2,Aisle 1,100,29.99,Supplier C,In Stock,4/25/2023
1219,Widget B,FURNITURE,Warehouse 2,Aisle 2,200,49.99,Supplier D,Low Stock,3/5/2023
1068,Gadget X,FURNITURE,Warehouse 3,Aisle 2,150,19.99,Supplier D,Out of Stock,12/20/2022
1046,Gadget Y,FURNITURE,Warehouse 1,Aisle 5,100,9.99,Supplier D,In Stock,1/15/2023
1093,Widget B,FURNITURE,Warehouse 3,Aisle 4,100,29.99,Supplier A,Low Stock,1/12/2024
1749,Gadget Z,ELECTRONICS,Warehouse 2,Aisle 4,150,28.0305,Supplier B,Out of Stock,3/5/2023
1957,Gadget Y,TOYS,Warehouse 3,Aisle 2,200,19.99,Supplier C,Low Stock,12/20/2022
1452,Widget C,ELECTRONICS,Warehouse 1,Aisle 3,50,28.0305,Supplier B,Low Stock,1/12/2024
1203,Widget A,FURNITURE,Warehouse 3,Aisle 3,150,29.99,Supplier B,In Stock,1/12/2024
1911,Gadget Z,CLOTHING,Warehouse 1,Aisle 1,200,28.0305,Supplier D,In Stock,1/12/2024
1217,Widget C,CLOTHING,Warehouse 3,Aisle 1,150,19.99,Supplier D,Out of Stock,1/15/2023
1473,Widget B,FURNITURE,Warehouse 1,Aisle 5,100,29.99,Supplier D,In Stock,4/25/2023
1431,Gadget X,FURNITURE,Warehouse 1,Aisle 2,150,9.99,Supplier A,Out of Stock,1/12/2024
1340,Gadget Y,CLOTHING,Warehouse 2,Aisle 1,150,19.99,Supplier B,Low Stock,3/5/2023
1550,Widget A,ELECTRONICS,Warehouse 1,Aisle 1,300,49.99,Supplier B,Low Stock,12/20/2022
1611,Gadget Y,ELECTRONICS,Warehouse 2,Aisle 2,50,19.99,Supplier A,Out of Stock,3/5/2023
1288,Widget B,FURNITURE,Warehouse 2,Aisle 5,150,29.99,Supplier A,Low Stock,1/15/2023
1253,Gadget Y,ELECTRONICS,Warehouse 2,Aisle 1,100,19.99,Supplier A,In Stock,1/15/2023
1733,Widget A,CLOTHING,Warehouse 3,Aisle 5,50,9.99,Supplier B,Low Stock,3/5/2023
1356,Widget B,ELECTRONICS,Warehouse 3,Aisle 4,200,9.99,Supplier B,In Stock,4/25/2023
1022,Gadget Y,FURNITURE,Warehouse 3,Aisle 5,150,49.99,Supplier D,Out of Stock,1/15/2023
1761,Gadget X,CLOTHING,Warehouse 3,Aisle 3,50,28.0305,Supplier D,Out of Stock,1/15/2023
1521,Gadget Z,ELECTRONICS,Warehouse 1,Aisle 3,100,29.99,Supplier B,Low Stock,3/5/2023
1757,Widget B,TOYS,Warehouse 1,Aisle 5,300,29.99,Supplier D,Low Stock,1/15/2023
1836,Gadget Z,CLOTHING,Warehouse 3,Aisle 3,150,28.0305,Supplier A,In Stock,4/25/2023
1099,Widget B,CLOTHING,Warehouse 1,Aisle 4,150,9.99,Supplier C,In Stock,4/25/2023
1801,Gadget X,TOYS,Warehouse 1,Aisle 2,100,9.99,Supplier D,Low Stock,4/25/2023
1179,Gadget Z,TOYS,Warehouse 2,Aisle 3,100,19.99,Supplier B,Low Stock,12/20/2022
1222,Widget C,CLOTHING,Warehouse 2,Aisle 3,150,49.99,Supplier D,Out of Stock,4/25/2023
1905,Widget A,TOYS,Warehouse 2,Aisle 5,300,49.99,Supplier D,Out of Stock,4/25/2023
1761,Widget C,FURNITURE,Warehouse 2,Aisle 4,50,49.99,Supplier D,Out of Stock,12/20/2022
1658,Gadget Y,FURNITURE,Warehouse 1,Aisle 2,150,19.99,Supplier C,Low Stock,1/12/2024
1441,Gadget X,FURNITURE,Warehouse 3,Aisle 5,100,49.99,Supplier A,Low Stock,1/15/2023
1607,Widget C,CLOTHING,Warehouse 1,Aisle 5,150,28.0305,Supplier B,Low Stock,4/25/2023
1768,Widget B,TOYS,Warehouse 1,Aisle 4,200,19.99,Supplier C,Out of Stock,1/15/2023
1324,Gadget Y,TOYS,Warehouse 1,Aisle 2,300,28.0305,Supplier B,Low Stock,3/5/2023
1515,Gadget Y,ELECTRONICS,Warehouse 2,Aisle 4,300,19.99,Supplier B,In Stock,1/15/2023
1015,Widget C,ELECTRONICS,Warehouse 2,Aisle 2,150,49.99,Supplier B,Low Stock,12/20/2022
1791,Widget C,TOYS,Warehouse 2,Aisle 4,150,28.0305,Supplier C,Low Stock,1/15/2023
1335,Gadget X,TOYS,Warehouse 3,Aisle 5,100,28.0305,Supplier A,Low Stock,1/15/2023
1758,Widget A,TOYS,Warehouse 1,Aisle 5,150,28.0305,Supplier B,Low Stock,1/15/2023
1257,Widget C,CLOTHING,Warehouse 3,Aisle 1,50,19.99,Supplier A,Low Stock,1/12/2024
1496,Widget C,TOYS,Warehouse 2,Aisle 3,300,29.99,Supplier A,In Stock,1/12/2024
1987,Gadget Z,ELECTRONICS,Warehouse 3,Aisle 4,300,49.99,Supplier D,In Stock,3/5/2023
1895,Widget B,CLOTHING,Warehouse 1,Aisle 1,150,28.0305,Supplier C,Low Stock,12/20/2022
1159,Gadget Z,TOYS,Warehouse 1,Aisle 3,150,29.99,Supplier C,Out of Stock,1/15/2023
1474,Gadget Z,ELECTRONICS,Warehouse 2,Aisle 4,300,49.99,Supplier D,Low Stock,1/15/2023
1851,Gadget Y,CLOTHING,Warehouse 2,Aisle 2,50,49.99,Supplier D,Low Stock,1/15/2023
1663,Widget A,TOYS,Warehouse 3,Aisle 3,150,28.0305,Supplier A,Low Stock,1/15/2023
1907,Widget B,TOYS,Warehouse 2,Aisle 5,50,28.0305,Supplier B,Out of Stock,1/12/2024
1689,Gadget X,TOYS,Warehouse 2,Aisle 1,150,19.99,Supplier C,Out of Stock,3/5/2023
1674,Gadget X,CLOTHING,Warehouse 1,Aisle 3,300,29.99,Supplier B,Out of Stock,4/25/2023
1379,Widget C,ELECTRONICS,Warehouse 2,Aisle 3,200,29.99,Supplier B,In Stock,12/20/2022
1544,Widget C,ELECTRONICS,Warehouse 2,Aisle 5,300,28.0305,Supplier D,Out of Stock,1/15/2023
1928,Gadget X,FURNITURE,Warehouse 1,Aisle 4,150,49.99,Supplier B,In Stock,3/5/2023
1956,Widget C,TOYS,Warehouse 1,Aisle 2,300,28.0305,Supplier A,In Stock,4/25/2023
1690,Widget A,FURNITURE,Warehouse 3,Aisle 5,300,49.99,Supplier D,Out of Stock,3/5/2023
1426,Gadget Z,FURNITURE,Warehouse 2,Aisle 2,100,49.99,Supplier B,Out of Stock,1/12/2024
1612,Widget C,ELECTRONICS,Warehouse 1,Aisle 4,300,28.0305,Supplier D,Out of Stock,4/25/2023
1267,Gadget Y,CLOTHING,Warehouse 3,Aisle 3,300,9.99,Supplier A,In Stock,3/5/2023
1834,Widget C,CLOTHING,Warehouse 3,Aisle 2,50,29.99,Supplier A,Low Stock,1/12/2024
1576,Widget B,ELECTRONICS,Warehouse 2,Aisle 1,200,49.99,Supplier B,Out of Stock,3/5/2023
1416,Widget A,CLOTHING,Warehouse 2,Aisle 1,50,49.99,Supplier D,Out of Stock,3/5/2023
1167,Widget B,FURNITURE,Warehouse 3,Aisle 5,50,9.99,Supplier B,Out of Stock,4/25/2023
1841,Widget B,TOYS,Warehouse 1,Aisle 4,150,19.99,Supplier B,In Stock,1/12/2024
1042,Gadget Y,ELECTRONICS,Warehouse 3,Aisle 5,100,9.99,Supplier D,In Stock,1/15/2023
1555,Widget A,TOYS,Warehouse 2,Aisle 5,50,9.99,Supplier B,Low Stock,12/20/2022
1284,Widget A,CLOTHING,Warehouse 1,Aisle 5,150,49.99,Supplier A,Out of Stock,4/25/2023
1396,Widget A,TOYS,Warehouse 1,Aisle 1,150,29.99,Supplier D,In Stock,1/12/2024
1011,Widget A,CLOTHING,Warehouse 3,Aisle 1,300,9.99,Supplier D,Low Stock,3/5/2023
1606,Widget A,CLOTHING,Warehouse 2,Aisle 5,150,19.99,Supplier D,Out of Stock,1/12/2024
1301,Gadget Y,FURNITURE,Warehouse 3,Aisle 1,100,28.0305,Supplier D,In Stock,12/20/2022
1897,Widget C,CLOTHING,Warehouse 3,Aisle 4,100,9.99,Supplier B,Out of Stock,12/20/2022
1252,Widget B,FURNITURE,Warehouse 3,Aisle 5,300,9.99,Supplier B,Out of Stock,1/15/2023
1498,Widget A,FURNITURE,Warehouse 1,Aisle 1,150,19.99,Supplier A,In Stock,1/15/2023
1753,Widget C,FURNITURE,Warehouse 1,Aisle 2,200,29.99,Supplier C,In Stock,12/20/2022
1034,Widget C,ELECTRONICS,Warehouse 2,Aisle 5,150,9.99,Supplier C,In Stock,4/25/2023
1726,Widget B,ELECTRONICS,Warehouse 2,Aisle 5,300,9.99,Supplier A,Out of Stock,4/25/2023
1848,Gadget Y,CLOTHING,Warehouse 3,Aisle 4,150,29.99,Supplier C,Out of Stock,3/5/2023
1089,Gadget X,FURNITURE,Warehouse 3,Aisle 3,150,19.99,Supplier A,Low Stock,1/15/2023
1775,Gadget X,ELECTRONICS,Warehouse 3,Aisle 3,150,9.99,Supplier B,Out of Stock,3/5/2023
1604,Widget C,FURNITURE,Warehouse 2,Aisle 4,200,29.99,Supplier D,In Stock,1/15/2023
1921,Gadget Z,TOYS,Warehouse 1,Aisle 4,200,9.99,Supplier D,Out of Stock,12/20/2022
1969,Gadget Z,TOYS,Warehouse 1,Aisle 4,100,28.0305,Supplier B,Low Stock,4/25/2023
1601,Widget B,TOYS,Warehouse 3,Aisle 3,150,49.99,Supplier D,Low Stock,4/25/2023
1417,Gadget X,CLOTHING,Warehouse 3,Aisle 4,150,28.0305,Supplier D,In Stock,12/20/2022
1114,Widget C,FURNITURE,Warehouse 3,Aisle 1,150,9.99,Supplier C,In Stock,3/5/2023
1616,Gadget Y,TOYS,Warehouse 3,Aisle 5,100,19.99,Supplier B,Low Stock,3/5/2023
1902,Gadget X,ELECTRONICS,Warehouse 2,Aisle 5,300,49.99,Supplier C,Low Stock,1/12/2024
1195,Widget C,TOYS,Warehouse 1,Aisle 2,150,28.0305,Supplier C,Low Stock,1/15/2023
1825,Widget C,TOYS,Warehouse 3,Aisle 2,100,29.99,Supplier D,In Stock,3/5/2023
1500,Widget A,TOYS,Warehouse 2,Aisle 5,100,19.99,Supplier D,Low Stock,12/20/2022
1625,Gadget Y,CLOTHING,Warehouse 3,Aisle 1,150,28.0305,Supplier B,Low Stock,3/5/2023
1492,Widget A,ELECTRONICS,Warehouse 3,Aisle 3,100,29.99,Supplier D,In Stock,4/25/2023
1074,Widget B,FURNITURE,Warehouse 1,Aisle 3,200,9.99,Supplier D,Out of Stock,1/15/2023
1412,Widget A,ELECTRONICS,Warehouse 3,Aisle 1,200,29.99,Supplier B,Out of Stock,1/12/2024
1375,Widget A,FURNITURE,Warehouse 1,Aisle 3,50,28.0305,Supplier D,Low Stock,1/15/2023
1419,Gadget X,CLOTHING,Warehouse 1,Aisle 4,150,28.0305,Supplier C,Out of Stock,4/25/2023
1728,Gadget Z,CLOTHING,Warehouse 1,Aisle 5,300,9.99,Supplier B,Out of Stock,4/25/2023
1276,Widget C,CLOTHING,Warehouse 2,Aisle 5,50,29.99,Supplier D,Out of Stock,4/25/2023
1760,Gadget Y,CLOTHING,Warehouse 2,Aisle 1,200,29.99,Supplier A,Out of Stock,4/25/2023
1675,Widget A,FURNITURE,Warehouse 1,Aisle 3,50,9.99,Supplier B,Low Stock,12/20/2022
1393,Gadget Y,TOYS,Warehouse 3,Aisle 2,150,29.99,Supplier B,Out of Stock,1/12/2024
1868,Gadget Z,FURNITURE,Warehouse 1,Aisle 2,150,9.99,Supplier A,Out of Stock,4/25/2023
1456,Gadget Z,ELECTRONICS,Warehouse 3,Aisle 3,100,19.99,Supplier D,In Stock,4/25/2023
1919,Widget A,CLOTHING,Warehouse 1,Aisle 2,150,28.0305,Supplier D,Low Stock,3/5/2023
1191,Widget B,CLOTHING,Warehouse 3,Aisle 1,100,19.99,Supplier B,In Stock,1/12/2024
1738,Widget A,ELECTRONICS,Warehouse 2,Aisle 1,150,49.99,Supplier B,In Stock,1/15/2023
1688,Gadget X,FURNITURE,Warehouse 3,Aisle 3,200,49.99,Supplier D,Low Stock,1/12/2024
1098,Widget C,TOYS,Warehouse 1,Aisle 2,300,49.99,Supplier D,Out of Stock,1/12/2024
1547,Widget B,TOYS,Warehouse 2,Aisle 1,200,9.99,Supplier C,In Stock,1/12/2024
1977,Widget A,ELECTRONICS,Warehouse 3,Aisle 1,100,29.99,Supplier B,Low Stock,4/25/2023
1998,Gadget Y,TOYS,Warehouse 3,Aisle 4,300,19.99,Supplier B,Out of Stock,4/25/2023
1095,Widget B,FURNITURE,Warehouse 3,Aisle 4,150,19.99,Supplier A,Low Stock,12/20/2022
1663,Widget B,FURNITURE,Warehouse 3,Aisle 1,200,19.99,Supplier C,In Stock,1/15/2023
1662,Widget A,ELECTRONICS,Warehouse 3,Aisle 3,150,19.99,Supplier D,Out of Stock,3/5/2023
1189,Widget B,FURNITURE,Warehouse 2,Aisle 5,300,49.99,Supplier C,Out of Stock,1/12/2024
1735,Gadget Y,CLOTHING,Warehouse 2,Aisle 5,300,19.99,Supplier D,Low Stock,1/15/2023
1036,Gadget Z,ELECTRONICS,Warehouse 2,Aisle 1,200,29.99,Supplier D,Out of Stock,1/15/2023
1779,Widget B,FURNITURE,Warehouse 2,Aisle 1,150,49.99,Supplier C,In Stock,12/20/2022
1368,Gadget Z,ELECTRONICS,Warehouse 1,Aisle 1,50,19.99,Supplier B,In Stock,3/5/2023
1694,Gadget Y,TOYS,Warehouse 2,Aisle 3,150,9.99,Supplier D,In Stock,1/12/2024
1524,Widget A,FURNITURE,Warehouse 3,Aisle 4,300,28.0305,Supplier C,Low Stock,3/5/2023
1278,Widget C,CLOTHING,Warehouse 3,Aisle 1,150,28.0305,Supplier A,Out of Stock,12/20/2022
1216,Widget B,FURNITURE,Warehouse 2,Aisle 1,100,28.0305,Supplier C,Out of Stock,4/25/2023
1866,Widget C,ELECTRONICS,Warehouse 3,Aisle 2,50,49.99,Supplier A,Out of Stock,1/15/2023
1872,Gadget Y,ELECTRONICS,Warehouse 2,Aisle 3,150,19.99,Supplier D,In Stock,1/12/2024
1797,Widget B,FURNITURE,Warehouse 3,Aisle 1,100,49.99,Supplier C,Out of Stock,4/25/2023
1272,Gadget Z,CLOTHING,Warehouse 1,Aisle 2,150,29.99,Supplier C,In Stock,12/20/2022
1880,Gadget X,CLOTHING,Warehouse 1,Aisle 5,200,9.99,Supplier A,Out of Stock,3/5/2023
1061,Widget C,CLOTHING,Warehouse 2,Aisle 1,150,9.99,Supplier C,In Stock,1/15/2023
1595,Widget B,ELECTRONICS,Warehouse 2,Aisle 1,150,28.0305,Supplier C,Out of Stock,1/12/2024
1879,Widget C,FURNITURE,Warehouse 2,Aisle 2,150,28.0305,Supplier D,Low Stock,4/25/2023
1728,Widget B,TOYS,Warehouse 3,Aisle 3,300,28.0305,Supplier C,Low Stock,4/25/2023
1341,Widget A,ELECTRONICS,Warehouse 2,Aisle 1,100,19.99,Supplier B,In Stock,1/15/2023
1396,Gadget Z,CLOTHING,Warehouse 1,Aisle 5,100,29.99,Supplier A,In Stock,3/5/2023
1698,Widget C,FURNITURE,Warehouse 3,Aisle 1,150,29.99,Supplier C,Out of Stock,12/20/2022
1018,Gadget X,CLOTHING,Warehouse 2,Aisle 5,100,29.99,Supplier A,Out of Stock,3/5/2023
1176,Gadget X,TOYS,Warehouse 3,Aisle 4,300,29.99,Supplier A,Low Stock,3/5/2023
1611,Gadget Y,CLOTHING,Warehouse 3,Aisle 4,100,28.0305,Supplier A,Out of Stock,3/5/2023
1395,Widget B,CLOTHING,Warehouse 2,Aisle 5,150,9.99,Supplier C,In Stock,1/15/2023
1444,Widget C,TOYS,Warehouse 3,Aisle 3,50,28.0305,Supplier C,In Stock,1/15/2023
1232,Gadget Y,FURNITURE,Warehouse 1,Aisle 1,50,29.99,Supplier A,In Stock,12/20/2022
1914,Widget C,ELECTRONICS,Warehouse 1,Aisle 1,200,28.0305,Supplier B,In Stock,3/5/2023
1075,Widget B,FURNITURE,Warehouse 3,Aisle 4,100,29.99,Supplier A,In Stock,1/15/2023
1264,Gadget X,TOYS,Warehouse 2,Aisle 5,150,49.99,Supplier B,Low Stock,12/20/2022
1454,Widget A,CLOTHING,Warehouse 3,Aisle 1,100,9.99,Supplier A,Low Stock,12/20/2022
1795,Gadget X,FURNITURE,Warehouse 1,Aisle 1,150,49.99,Supplier D,In Stock,3/5/2023
1717,Gadget Y,ELECTRONICS,Warehouse 3,Aisle 3,300,19.99,Supplier A,Out of Stock,1/12/2024
1734,Gadget Z,TOYS,Warehouse 3,Aisle 2,100,28.0305,Supplier A,In Stock,3/5/2023
1383,Widget A,FURNITURE,Warehouse 1,Aisle 4,100,19.99,Supplier C,Low Stock,1/12/2024
1563,Gadget Y,ELECTRONICS,Warehouse 3,Aisle 4,50,28.0305,Supplier B,In Stock,12/20/2022
1850,Widget B,TOYS,Warehouse 3,Aisle 2,300,49.99,Supplier D,Low Stock,1/15/2023
1505,Widget A,ELECTRONICS,Warehouse 2,Aisle 1,150,29.99,Supplier B,Low Stock,4/25/2023
1366,Gadget Y,TOYS,Warehouse 2,Aisle 3,100,29.99,Supplier D,In Stock,12/20/2022
1143,Widget B,CLOTHING,Warehouse 1,Aisle 3,50,28.0305,Supplier A,In Stock,1/15/2023
1884,Gadget X,FURNITURE,Warehouse 1,Aisle 4,200,29.99,Supplier C,Out of Stock,12/20/2022
1068,Gadget Z,ELECTRONICS,Warehouse 1,Aisle 3,300,49.99,Supplier C,Low Stock,3/5/2023
1098,Widget B,TOYS,Warehouse 2,Aisle 2,50,29.99,Supplier B,Out of Stock,1/12/2024
1395,Widget C,ELECTRONICS,Warehouse 1,Aisle 1,50,49.99,Supplier C,In Stock,12/20/2022
1024,Widget B,ELECTRONICS,Warehouse 1,Aisle 2,50,19.99,Supplier B,Low Stock,1/15/2023
1947,Widget B,FURNITURE,Warehouse 1,Aisle 5,100,49.99,Supplier B,Out of Stock,3/5/2023
1890,Gadget Z,CLOTHING,Warehouse 2,Aisle 4,100,9.99,Supplier D,Out of Stock,4/25/2023
1468,Widget C,ELECTRONICS,Warehouse 3,Aisle 3,200,9.99,Supplier B,Out of Stock,3/5/2023
1483,Gadget Y,TOYS,Warehouse 1,Aisle 5,150,9.99,Supplier D,In Stock,1/12/2024
1564,Gadget Y,TOYS,Warehouse 3,Aisle 3,150,28.0305,Supplier C,In Stock,3/5/2023
1150,Widget B,CLOTHING,Warehouse 1,Aisle 1,150,28.0305,Supplier B,In Stock,4/25/2023
1143,Widget C,TOYS,Warehouse 3,Aisle 1,300,28.0305,Supplier B,Low Stock,1/15/2023
1568,Widget C,CLOTHING,Warehouse 2,Aisle 1,300,49.99,Supplier A,In Stock,12/20/2022
1038,Gadget Z,TOYS,Warehouse 2,Aisle 3,200,28.0305,Supplier B,Low Stock,1/12/2024
1108,Gadget X,FURNITURE,Warehouse 1,Aisle 5,300,19.99,Supplier B,Out of Stock,4/25/2023
1692,Gadget Y,ELECTRONICS,Warehouse 3,Aisle 1,150,9.99,Supplier A,Out of Stock,1/12/2024
1041,Gadget Z,FURNITURE,Warehouse 2,Aisle 5,150,49.99,Supplier A,In Stock,3/5/2023
1185,Widget A,ELECTRONICS,Warehouse 1,Aisle 3,50,9.99,Supplier C,Out of Stock,1/12/2024
1934,Gadget Y,ELECTRONICS,Warehouse 1,Aisle 5,300,28.0305,Supplier B,In Stock,4/25/2023
1397,Gadget Z,ELECTRONICS,Warehouse 2,Aisle 3,100,49.99,Supplier C,Low Stock,12/20/2022
1222,Gadget Y,FURNITURE,Warehouse 2,Aisle 3,100,29.99,Supplier C,Out of Stock,12/20/2022
1633,Gadget X,ELECTRONICS,Warehouse 1,Aisle 4,50,19.99,Supplier A,In Stock,1/12/2024
1132,Widget A,FURNITURE,Warehouse 3,Aisle 3,50,28.0305,Supplier D,Out of Stock,1/15/2023
1162,Gadget X,CLOTHING,Warehouse 3,Aisle 3,50,28.0305,Supplier C,Out of Stock,1/12/2024
1214,Widget A,TOYS,Warehouse 3,Aisle 2,100,19.99,Supplier D,In Stock,3/5/2023
1732,Widget B,TOYS,Warehouse 1,Aisle 1,150,19.99,Supplier B,Out of Stock,12/20/2022
1234,Gadget Z,ELECTRONICS,Warehouse 2,Aisle 4,50,29.99,Supplier A,Out of Stock,12/20/2022
1842,Widget A,FURNITURE,Warehouse 1,Aisle 4,200,28.0305,Supplier B,Out of Stock,12/20/2022
1657,Gadget X,TOYS,Warehouse 2,Aisle 4,50,28.0305,Supplier B,Out of Stock,1/15/2023
1750,Gadget Y,FURNITURE,Warehouse 3,Aisle 2,150,9.99,Supplier A,Low Stock,1/15/2023
1587,Widget A,FURNITURE,Warehouse 3,Aisle 3,50,49.99,Supplier B,Out of Stock,4/25/2023
1008,Gadget Z,ELECTRONICS,Warehouse 2,Aisle 1,100,49.99,Supplier A,Out of Stock,1/12/2024
1073,Widget A,TOYS,Warehouse 2,Aisle 5,300,9.99,Supplier D,In Stock,1/12/2024
1953,Widget C,ELECTRONICS,Warehouse 1,Aisle 3,50,49.99,Supplier B,Low Stock,3/5/2023
1491,Gadget Y,ELECTRONICS,Warehouse 3,Aisle 2,300,19.99,Supplier A,In Stock,12/20/2022
1912,Gadget Z,TOYS,Warehouse 1,Aisle 3,150,49.99,Supplier C,In Stock,1/15/2023
1252,Gadget Z,TOYS,Warehouse 1,Aisle 3,200,49.99,Supplier B,In Stock,3/5/2023
1229,Widget B,CLOTHING,Warehouse 1,Aisle 2,300,9.99,Supplier D,Low Stock,3/5/2023
1518,Gadget X,CLOTHING,Warehouse 3,Aisle 4,150,29.99,Supplier A,In Stock,1/15/2023
1173,Widget B,FURNITURE,Warehouse 1,Aisle 4,50,49.99,Supplier B,In Stock,1/12/2024
1652,Gadget Z,TOYS,Warehouse 1,Aisle 1,150,49.99,Supplier B,In Stock,12/20/2022
1167,Gadget Y,CLOTHING,Warehouse 1,Aisle 1,150,29.99,Supplier B,Out of Stock,1/12/2024
1169,Widget A,FURNITURE,Warehouse 1,Aisle 4,300,9.99,Supplier D,In Stock,3/5/2023
1392,Widget A,FURNITURE,Warehouse 1,Aisle 5,200,29.99,Supplier A,Low Stock,12/20/2022
1945,Gadget Y,FURNITURE,Warehouse 1,Aisle 3,100,9.99,Supplier C,Low Stock,4/25/2023
1794,Gadget Z,CLOTHING,Warehouse 3,Aisle 5,50,19.99,Supplier C,Out of Stock,3/5/2023
1633,Widget A,TOYS,Warehouse 1,Aisle 3,150,9.99,Supplier C,Low Stock,1/12/2024
1193,Widget A,ELECTRONICS,Warehouse 2,Aisle 4,200,19.99,Supplier A,Low Stock,1/12/2024
1516,Widget A,FURNITURE,Warehouse 1,Aisle 1,150,19.99,Supplier C,Out of Stock,1/12/2024
1028,Gadget X,CLOTHING,Warehouse 1,Aisle 1,150,9.99,Supplier D,In Stock,1/15/2023
1164,Gadget X,CLOTHING,Warehouse 3,Aisle 5,200,28.0305,Supplier A,Out of Stock,3/5/2023
1421,Widget C,ELECTRONICS,Warehouse 3,Aisle 1,100,9.99,Supplier B,In Stock,12/20/2022
1338,Widget B,ELECTRONICS,Warehouse 2,Aisle 4,100,49.99,Supplier D,In Stock,1/12/2024
1647,Gadget Y,CLOTHING,Warehouse 2,Aisle 5,150,49.99,Supplier B,Low Stock,1/12/2024
1495,Gadget Y,TOYS,Warehouse 3,Aisle 3,150,28.0305,Supplier C,Out of Stock,1/15/2023
1364,Gadget Y,ELECTRONICS,Warehouse 3,Aisle 1,300,19.99,Supplier D,Low Stock,12/20/2022
1832,Widget C,CLOTHING,Warehouse 1,Aisle 2,50,28.0305,Supplier A,Low Stock,3/5/2023
1341,Gadget X,ELECTRONICS,Warehouse 3,Aisle 1,200,49.99,Supplier D,In Stock,4/25/2023
1499,Gadget Z,TOYS,Warehouse 2,Aisle 3,150,28.0305,Supplier B,Low Stock,1/15/2023
1656,Gadget Z,FURNITURE,Warehouse 1,Aisle 5,50,9.99,Supplier A,Out of Stock,3/5/2023
1510,Widget C,ELECTRONICS,Warehouse 2,Aisle 3,300,28.0305,Supplier D,Low Stock,4/25/2023
1326,Gadget Z,TOYS,Warehouse 1,Aisle 2,50,19.99,Supplier D,Low Stock,1/12/2024
1216,Gadget Y,CLOTHING,Warehouse 3,Aisle 4,150,9.99,Supplier D,In Stock,1/12/2024
1300,Widget B,ELECTRONICS,Warehouse 2,Aisle 1,100,29.99,Supplier D,Out of Stock,12/20/2022
1131,Widget A,ELECTRONICS,Warehouse 1,Aisle 5,200,49.99,Supplier A,Low Stock,4/25/2023
1803,Gadget X,CLOTHING,Warehouse 1,Aisle 4,200,49.99,Supplier B,In Stock,1/12/2024
1069,Gadget X,FURNITURE,Warehouse 3,Aisle 3,100,28.0305,Supplier D,Low Stock,1/12/2024
1251,Widget C,CLOTHING,Warehouse 3,Aisle 5,150,9.99,Supplier A,Out of Stock,12/20/2022
1414,Gadget X,ELECTRONICS,Warehouse 3,Aisle 4,200,29.99,Supplier B,Low Stock,3/5/2023
1786,Gadget Y,CLOTHING,Warehouse 2,Aisle 5,150,9.99,Supplier D,Low Stock,1/12/2024
1444,Gadget Z,TOYS,Warehouse 1,Aisle 2,300,49.99,Supplier B,In Stock,1/15/2023
1875,Gadget Y,CLOTHING,Warehouse 3,Aisle 2,150,9.99,Supplier B,Low Stock,1/15/2023
1181,Widget C,ELECTRONICS,Warehouse 2,Aisle 1,50,29.99,Supplier A,In Stock,3/5/2023
1166,Gadget Y,CLOTHING,Warehouse 2,Aisle 1,100,28.0305,Supplier B,Out of Stock,4/25/2023
1090,Gadget Z,FURNITURE,Warehouse 2,Aisle 2,150,19.99,Supplier A,Low Stock,12/20/2022
1713,Widget B,CLOTHING,Warehouse 3,Aisle 5,300,9.99,Supplier D,Out of Stock,1/15/2023
1857,Widget C,FURNITURE,Warehouse 3,Aisle 2,150,19.99,Supplier B,Out of Stock,1/15/2023
1530,Widget B,TOYS,Warehouse 1,Aisle 1,100,49.99,Supplier B,Low Stock,3/5/2023
1038,Widget A,FURNITURE,Warehouse 1,Aisle 2,200,28.0305,Supplier C,In Stock,4/25/2023
1125,Widget B,CLOTHING,Warehouse 3,Aisle 2,50,28.0305,Supplier D,Out of Stock,4/25/2023
1450,Widget A,ELECTRONICS,Warehouse 2,Aisle 5,200,9.99,Supplier D,Out of Stock,3/5/2023
1172,Widget A,FURNITURE,Warehouse 2,Aisle 4,300,28.0305,Supplier C,Low Stock,1/15/2023
1652,Widget B,TOYS,Warehouse 2,Aisle 1,300,9.99,Supplier C,Low Stock,12/20/2022
1753,Widget C,FURNITURE,Warehouse 1,Aisle 5,200,9.99,Supplier A,Low Stock,1/15/2023
1219,Gadget Z,FURNITURE,Warehouse 2,Aisle 2,100,19.99,Supplier A,Low Stock,4/25/2023
1637,Gadget Y,FURNITURE,Warehouse 1,Aisle 2,200,28.0305,Supplier B,Low Stock,1/15/2023
1057,Gadget Y,TOYS,Warehouse 1,Aisle 4,150,9.99,Supplier B,Low Stock,12/20/2022
1659,Gadget Z,CLOTHING,Warehouse 2,Aisle 1,200,19.99,Supplier B,In Stock,1/12/2024
1475,Widget A,FURNITURE,Warehouse 2,Aisle 1,50,29.99,Supplier B,Out of Stock,1/15/2023
1455,Widget A,FURNITURE,Warehouse 3,Aisle 3,50,19.99,Supplier A,In Stock,3/5/2023
1828,Widget C,ELECTRONICS,Warehouse 3,Aisle 1,150,19.99,Supplier D,In Stock,1/12/2024
1894,Gadget X,TOYS,Warehouse 2,Aisle 4,50,9.99,Supplier B,Low Stock,3/5/2023
1360,Widget B,FURNITURE,Warehouse 1,Aisle 3,200,49.99,Supplier D,Out of Stock,3/5/2023
1934,Widget A,TOYS,Warehouse 1,Aisle 3,50,49.99,Supplier B,In Stock,3/5/2023
1000,Gadget Y,FURNITURE,Warehouse 1,Aisle 2,100,49.99,Supplier C,Low Stock,1/15/2023
1386,Widget C,CLOTHING,Warehouse 1,Aisle 2,50,19.99,Supplier B,Low Stock,4/25/2023
1972,Widget B,CLOTHING,Warehouse 1,Aisle 1,150,9.99,Supplier B,Out of Stock,1/12/2024
1347,Widget C,FURNITURE,Warehouse 3,Aisle 3,100,28.0305,Supplier B,In Stock,12/20/2022
1189,Widget B,CLOTHING,Warehouse 2,Aisle 2,150,19.99,Supplier A,In Stock,4/25/2023
1504,Widget B,FURNITURE,Warehouse 3,Aisle 4,150,19.99,Supplier C,In Stock,1/15/2023
1190,Gadget Z,CLOTHING,Warehouse 1,Aisle 2,200,9.99,Supplier B,Low Stock,3/5/2023
1507,Widget A,ELECTRONICS,Warehouse 1,Aisle 2,200,29.99,Supplier B,Out of Stock,12/20/2022
1368,Widget C,ELECTRONICS,Warehouse 1,Aisle 3,200,19.99,Supplier D,Out of Stock,1/12/2024
1408,Widget C,ELECTRONICS,Warehouse 1,Aisle 3,150,29.99,Supplier C,In Stock,4/25/2023
1823,Gadget Z,TOYS,Warehouse 2,Aisle 5,150,29.99,Supplier B,Low Stock,4/25/2023
1928,Gadget Y,TOYS,Warehouse 1,Aisle 4,150,49.99,Supplier D,In Stock,12/20/2022
1933,Gadget Y,ELECTRONICS,Warehouse 2,Aisle 3,100,9.99,Supplier D,Out of Stock,1/15/2023
1116,Widget A,TOYS,Warehouse 1,Aisle 1,300,29.99,Supplier A,Low Stock,1/12/2024
1133,Widget A,CLOTHING,Warehouse 2,Aisle 4,100,9.99,Supplier D,In Stock,12/20/2022
1057,Gadget X,FURNITURE,Warehouse 3,Aisle 4,200,49.99,Supplier B,In Stock,3/5/2023
1555,Gadget Z,FURNITURE,Warehouse 1,Aisle 3,300,9.99,Supplier A,Low Stock,1/12/2024
1684,Gadget Y,FURNITURE,Warehouse 2,Aisle 4,50,19.99,Supplier A,Out of Stock,4/25/2023
1671,Widget B,ELECTRONICS,Warehouse 3,Aisle 3,200,29.99,Supplier B,Low Stock,12/20/2022
1172,Widget C,TOYS,Warehouse 1,Aisle 2,150,9.99,Supplier C,In Stock,4/25/2023
1828,Widget A,CLOTHING,Warehouse 1,Aisle 5,100,28.0305,Supplier D,In Stock,4/25/2023
1814,Widget C,CLOTHING,Warehouse 1,Aisle 2,150,9.99,Supplier A,In Stock,4/25/2023
1148,Widget C,ELECTRONICS,Warehouse 2,Aisle 3,100,29.99,Supplier C,In Stock,1/15/2023
1079,Gadget X,CLOTHING,Warehouse 2,Aisle 3,150,49.99,Supplier B,Out of Stock,4/25/2023
1885,Gadget Y,CLOTHING,Warehouse 3,Aisle 2,300,49.99,Supplier D,Out of Stock,3/5/2023
1212,Widget A,CLOTHING,Warehouse 2,Aisle 1,150,29.99,Supplier D,In Stock,3/5/2023
1202,Widget C,CLOTHING,Warehouse 2,Aisle 1,300,19.99,Supplier A,Out of Stock,1/12/2024
1763,Widget A,TOYS,Warehouse 1,Aisle 1,150,19.99,Supplier D,Out of Stock,4/25/2023
1228,Widget B,CLOTHING,Warehouse 1,Aisle 3,100,49.99,Supplier D,Out of Stock,4/25/2023
1675,Gadget X,FURNITURE,Warehouse 1,Aisle 4,150,49.99,Supplier D,In Stock,12/20/2022
1226,Widget B,ELECTRONICS,Warehouse 1,Aisle 3,300,29.99,Supplier D,Low Stock,1/15/2023
1658,Widget A,TOYS,Warehouse 1,Aisle 4,150,19.99,Supplier B,Low Stock,1/12/2024
1531,Widget A,CLOTHING,Warehouse 1,Aisle 2,200,49.99,Supplier C,Low Stock,4/25/2023
1440,Gadget Y,TOYS,Warehouse 1,Aisle 5,200,19.99,Supplier B,In Stock,12/20/2022
1401,Widget C,CLOTHING,Warehouse 3,Aisle 4,300,49.99,Supplier B,Out of Stock,1/15/2023
1046,Widget C,FURNITURE,Warehouse 3,Aisle 1,150,9.99,Supplier A,Out of Stock,1/12/2024
1232,Widget B,ELECTRONICS,Warehouse 3,Aisle 3,300,28.0305,Supplier D,In Stock,1/12/2024
1304,Gadget X,CLOTHING,Warehouse 3,Aisle 2,100,9.99,Supplier B,In Stock,4/25/2023
1525,Gadget Z,CLOTHING,Warehouse 1,Aisle 1,150,49.99,Supplier D,Low Stock,1/12/2024
1142,Widget C,CLOTHING,Warehouse 3,Aisle 2,100,28.0305,Supplier B,Low Stock,12/20/2022
1414,Gadget Y,CLOTHING,Warehouse 1,Aisle 5,200,28.0305,Supplier B,In Stock,1/12/2024
1512,Widget B,ELECTRONICS,Warehouse 3,Aisle 3,150,49.99,Supplier A,Low Stock,3/5/2023
1372,Widget B,ELECTRONICS,Warehouse 2,Aisle 3,300,49.99,Supplier C,Out of Stock,12/20/2022
1565,Gadget Z,FURNITURE,Warehouse 3,Aisle 5,100,19.99,Supplier C,In Stock,1/15/2023
1885,Gadget Y,ELECTRONICS,Warehouse 3,Aisle 3,50,49.99,Supplier B,In Stock,1/15/2023
1258,Gadget X,CLOTHING,Warehouse 1,Aisle 4,150,29.99,Supplier A,Out of Stock,4/25/2023
1655,Gadget Y,FURNITURE,Warehouse 3,Aisle 2,150,49.99,Supplier D,Out of Stock,4/25/2023
1470,Gadget X,FURNITURE,Warehouse 2,Aisle 1,50,29.99,Supplier D,Out of Stock,3/5/2023
1952,Gadget Y,FURNITURE,Warehouse 1,Aisle 5,200,49.99,Supplier B,Low Stock,1/15/2023
1970,Gadget Y,CLOTHING,Warehouse 1,Aisle 4,150,19.99,Supplier C,In Stock,1/15/2023
1011,Widget A,TOYS,Warehouse 3,Aisle 1,150,29.99,Supplier A,Low Stock,1/15/2023
1329,Widget B,CLOTHING,Warehouse 1,Aisle 1,50,9.99,Supplier C,Out of Stock,1/15/2023
1735,Gadget Y,ELECTRONICS,Warehouse 1,Aisle 5,300,29.99,Supplier D,Low Stock,1/12/2024
1783,Gadget Z,ELECTRONICS,Warehouse 1,Aisle 4,50,19.99,Supplier C,Out of Stock,12/20/2022
1967,Gadget Y,CLOTHING,Warehouse 1,Aisle 1,200,29.99,Supplier D,Low Stock,12/20/2022
1357,Widget C,CLOTHING,Warehouse 1,Aisle 1,200,49.99,Supplier A,Low Stock,3/5/2023
1971,Widget B,FURNITURE,Warehouse 1,Aisle 4,100,49.99,Supplier A,Out of Stock,1/12/2024
1407,Widget C,CLOTHING,Warehouse 2,Aisle 3,150,19.99,Supplier B,Low Stock,1/15/2023
1667,Widget B,FURNITURE,Warehouse 3,Aisle 1,100,28.0305,Supplier B,In Stock,1/15/2023
1372,Widget C,ELECTRONICS,Warehouse 2,Aisle 2,50,49.99,Supplier C,Low Stock,4/25/2023
1007,Gadget Y,FURNITURE,Warehouse 1,Aisle 4,150,9.99,Supplier A,Low Stock,4/25/2023
1121,Gadget Y,CLOTHING,Warehouse 1,Aisle 1,150,19.99,Supplier A,In Stock,3/5/2023
1347,Widget A,ELECTRONICS,Warehouse 3,Aisle 5,200,29.99,Supplier B,Out of Stock,1/15/2023
1675,Gadget Z,TOYS,Warehouse 2,Aisle 2,150,29.99,Supplier D,In Stock,3/5/2023
1089,Widget C,FURNITURE,Warehouse 3,Aisle 1,150,9.99,Supplier C,Low Stock,1/12/2024
1647,Gadget X,ELECTRONICS,Warehouse 2,Aisle 2,150,49.99,Supplier C,Out of Stock,12/20/2022
1697,Widget A,FURNITURE,Warehouse 1,Aisle 2,50,19.99,Supplier B,Low Stock,1/15/2023
1315,Widget C,ELECTRONICS,Warehouse 3,Aisle 3,150,9.99,Supplier A,Low Stock,1/12/2024
1177,Widget C,ELECTRONICS,Warehouse 3,Aisle 2,300,49.99,Supplier B,In Stock,1/15/2023
1539,Widget A,FURNITURE,Warehouse 1,Aisle 3,150,19.99,Supplier B,In Stock,4/25/2023
1731,Gadget Y,TOYS,Warehouse 3,Aisle 4,150,29.99,Supplier B,Out of Stock,3/5/2023
1868,Widget C,ELECTRONICS,Warehouse 2,Aisle 3,100,19.99,Supplier B,Out of Stock,4/25/2023
1040,Gadget Y,ELECTRONICS,Warehouse 2,Aisle 5,50,28.0305,Supplier D,Out of Stock,12/20/2022
1739,Widget A,ELECTRONICS,Warehouse 2,Aisle 1,200,19.99,Supplier D,Low Stock,4/25/2023
1703,Gadget Y,TOYS,Warehouse 2,Aisle 4,100,28.0305,Supplier A,In Stock,1/15/2023
1922,Widget B,TOYS,Warehouse 1,Aisle 4,150,19.99,Supplier B,In Stock,4/25/2023
1501,Gadget X,CLOTHING,Warehouse 3,Aisle 5,50,28.0305,Supplier D,In Stock,1/15/2023
1958,Widget C,FURNITURE,Warehouse 2,Aisle 3,300,29.99,Supplier A,Out of Stock,12/20/2022
1144,Gadget Z,TOYS,Warehouse 1,Aisle 1,50,49.99,Supplier B,In Stock,4/25/2023
1200,Gadget X,FURNITURE,Warehouse 3,Aisle 3,150,28.0305,Supplier C,In Stock,3/5/2023
1928,Gadget Y,CLOTHING,Warehouse 3,Aisle 2,150,28.0305,Supplier D,In Stock,3/5/2023
1723,Widget C,FURNITURE,Warehouse 1,Aisle 3,150,29.99,Supplier A,Out of Stock,3/5/2023
1460,Gadget Y,TOYS,Warehouse 1,Aisle 4,200,28.0305,Supplier C,In Stock,4/25/2023
1731,Widget B,FURNITURE,Warehouse 2,Aisle 1,150,9.99,Supplier B,Out of Stock,4/25/2023
1751,Widget A,TOYS,Warehouse 3,Aisle 3,50,29.99,Supplier B,In Stock,4/25/2023
1924,Widget C,FURNITURE,Warehouse 3,Aisle 1,150,9.99,Supplier B,In Stock,1/15/2023
1908,Widget B,TOYS,Warehouse 1,Aisle 1,150,29.99,Supplier D,In Stock,12/20/2022
1557,Widget B,TOYS,Warehouse 3,Aisle 2,300,28.0305,Supplier A,Out of Stock,3/5/2023
1546,Widget C,FURNITURE,Warehouse 2,Aisle 2,150,9.99,Supplier C,Out of Stock,1/15/2023
1252,Gadget Y,CLOTHING,Warehouse 3,Aisle 4,200,28.0305,Supplier A,In Stock,3/5/2023
1389,Gadget Z,ELECTRONICS,Warehouse 1,Aisle 5,300,29.99,Supplier D,Low Stock,1/15/2023
1593,Widget B,CLOTHING,Warehouse 1,Aisle 1,100,28.0305,Supplier A,Out of Stock,4/25/2023
1882,Gadget X,FURNITURE,Warehouse 2,Aisle 5,200,9.99,Supplier D,Out of Stock,3/5/2023
1255,Widget B,CLOTHING,Warehouse 2,Aisle 4,150,9.99,Supplier B,In Stock,4/25/2023
1708,Gadget Z,TOYS,Warehouse 3,Aisle 1,200,28.0305,Supplier C,Low Stock,3/5/2023
1814,Gadget Y,ELECTRONICS,Warehouse 3,Aisle 1,150,19.99,Supplier B,In Stock,1/12/2024
1920,Gadget Y,FURNITURE,Warehouse 1,Aisle 5,100,29.99,Supplier A,Out of Stock,1/15/2023
1449,Gadget X,FURNITURE,Warehouse 2,Aisle 3,150,29.99,Supplier B,Out of Stock,1/12/2024
1009,Widget B,FURNITURE,Warehouse 2,Aisle 2,100,28.0305,Supplier C,In Stock,1/15/2023
1823,Gadget Y,ELECTRONICS,Warehouse 2,Aisle 3,300,19.99,Supplier B,In Stock,12/20/2022
1797,Gadget Z,TOYS,Warehouse 3,Aisle 5,150,9.99,Supplier C,Low Stock,3/5/2023
1241,Widget C,FURNITURE,Warehouse 2,Aisle 2,100,49.99,Supplier C,Low Stock,12/20/2022
1250,Widget A,CLOTHING,Warehouse 1,Aisle 3,100,49.99,Supplier B,Out of Stock,12/20/2022
